,params,mean_test_score,std_test_score
0,"{'bootstrap': True, 'max_depth': 20, 'min_samples_leaf': 1, 'min_samples_split': 2, 'n_estimators': 100}",0.8462638876535089,0.0046803207342916795
1,"{'bootstrap': True, 'max_depth': 20, 'min_samples_leaf': 1, 'min_samples_split': 2, 'n_estimators': 200}",0.8451228846177076,0.004355078636248324
2,"{'bootstrap': True, 'max_depth': 20, 'min_samples_leaf': 1, 'min_samples_split': 2, 'n_estimators': 400}",0.846263765640673,0.006552791364742661
3,"{'bootstrap': True, 'max_depth': 20, 'min_samples_leaf': 1, 'min_samples_split': 2, 'n_estimators': 600}",0.8465488486319739,0.004905446618774161
4,"{'bootstrap': True, 'max_depth': 20, 'min_samples_leaf': 1, 'min_samples_split': 2, 'n_estimators': 800}",0.8472620136583608,0.004454344075407441
5,"{'bootstrap': True, 'max_depth': 20, 'min_samples_leaf': 1, 'min_samples_split': 2, 'n_estimators': 1000}",0.8458361106505127,0.0059321792392141755
6,"{'bootstrap': True, 'max_depth': 20, 'min_samples_leaf': 1, 'min_samples_split': 5, 'n_estimators': 100}",0.844267391618133,0.006130541271013067
7,"{'bootstrap': True, 'max_depth': 20, 'min_samples_leaf': 1, 'min_samples_split': 5, 'n_estimators': 200}",0.8434115325800505,0.008121634003341243
8,"{'bootstrap': True, 'max_depth': 20, 'min_samples_leaf': 1, 'min_samples_split': 5, 'n_estimators': 400}",0.8459784996301182,0.005141229409749052
9,"{'bootstrap': True, 'max_depth': 20, 'min_samples_leaf': 1, 'min_samples_split': 5, 'n_estimators': 600}",0.8455504175950318,0.0033358176056885536
10,"{'bootstrap': True, 'max_depth': 20, 'min_samples_leaf': 1, 'min_samples_split': 5, 'n_estimators': 800}",0.8464060326074424,0.005626106355409584
11,"{'bootstrap': True, 'max_depth': 20, 'min_samples_leaf': 1, 'min_samples_split': 5, 'n_estimators': 1000}",0.844266720547535,0.004708494352727978
12,"{'bootstrap': True, 'max_depth': 20, 'min_samples_leaf': 1, 'min_samples_split': 10, 'n_estimators': 100}",0.8448371915622267,0.003841637382241495
13,"{'bootstrap': True, 'max_depth': 20, 'min_samples_leaf': 1, 'min_samples_split': 10, 'n_estimators': 200}",0.845265212590895,0.005943990365240588
14,"{'bootstrap': True, 'max_depth': 20, 'min_samples_leaf': 1, 'min_samples_split': 10, 'n_estimators': 400}",0.8444093535528125,0.007252484992325329
15,"{'bootstrap': True, 'max_depth': 20, 'min_samples_leaf': 1, 'min_samples_split': 10, 'n_estimators': 600}",0.844267025579625,0.004026982285575038
16,"{'bootstrap': True, 'max_depth': 20, 'min_samples_leaf': 1, 'min_samples_split': 10, 'n_estimators': 800}",0.8442669645732069,0.0034939219738585603
17,"{'bootstrap': True, 'max_depth': 20, 'min_samples_leaf': 1, 'min_samples_split': 10, 'n_estimators': 1000}",0.8448377406199888,0.0035199235489498594
18,"{'bootstrap': True, 'max_depth': 20, 'min_samples_leaf': 2, 'min_samples_split': 2, 'n_estimators': 100}",0.843268716555519,0.0034979167496312
19,"{'bootstrap': True, 'max_depth': 20, 'min_samples_leaf': 2, 'min_samples_split': 2, 'n_estimators': 200}",0.8434115325800504,0.006055190174073286
20,"{'bootstrap': True, 'max_depth': 20, 'min_samples_leaf': 2, 'min_samples_split': 2, 'n_estimators': 400}",0.8434114105672146,0.005619379750896024
21,"{'bootstrap': True, 'max_depth': 20, 'min_samples_leaf': 2, 'min_samples_split': 2, 'n_estimators': 600}",0.8438391875702108,0.004026976478750511
22,"{'bootstrap': True, 'max_depth': 20, 'min_samples_leaf': 2, 'min_samples_split': 2, 'n_estimators': 800}",0.8448374355878987,0.004717116713644221
23,"{'bootstrap': True, 'max_depth': 20, 'min_samples_leaf': 2, 'min_samples_split': 2, 'n_estimators': 1000}",0.844267086586043,0.004924806999701233
24,"{'bootstrap': True, 'max_depth': 20, 'min_samples_leaf': 2, 'min_samples_split': 5, 'n_estimators': 100}",0.8448374355878987,0.0036691288936382366
25,"{'bootstrap': True, 'max_depth': 20, 'min_samples_leaf': 2, 'min_samples_split': 5, 'n_estimators': 200}",0.8419856295722022,0.005878547202409349
26,"{'bootstrap': True, 'max_depth': 20, 'min_samples_leaf': 2, 'min_samples_split': 5, 'n_estimators': 400}",0.8441244535807656,0.004045559777816868
27,"{'bootstrap': True, 'max_depth': 20, 'min_samples_leaf': 2, 'min_samples_split': 5, 'n_estimators': 600}",0.8445522915901799,0.006132369309570005
28,"{'bootstrap': True, 'max_depth': 20, 'min_samples_leaf': 2, 'min_samples_split': 5, 'n_estimators': 800}",0.8448374355878987,0.0050664594496366636
29,"{'bootstrap': True, 'max_depth': 20, 'min_samples_leaf': 2, 'min_samples_split': 5, 'n_estimators': 1000}",0.8456932336195632,0.006498611670065119
30,"{'bootstrap': True, 'max_depth': 20, 'min_samples_leaf': 2, 'min_samples_split': 10, 'n_estimators': 100}",0.8417001195359753,0.005830845663665222
31,"{'bootstrap': True, 'max_depth': 20, 'min_samples_leaf': 2, 'min_samples_split': 10, 'n_estimators': 200}",0.8421279575453897,0.006176497694585184
32,"{'bootstrap': True, 'max_depth': 20, 'min_samples_leaf': 2, 'min_samples_split': 10, 'n_estimators': 400}",0.8446951686211293,0.004556154643901073
33,"{'bootstrap': True, 'max_depth': 20, 'min_samples_leaf': 2, 'min_samples_split': 10, 'n_estimators': 600}",0.8435541655853278,0.004216573877030817
34,"{'bootstrap': True, 'max_depth': 20, 'min_samples_leaf': 2, 'min_samples_split': 10, 'n_estimators': 800}",0.8444095365720665,0.005594904410450814
35,"{'bootstrap': True, 'max_depth': 20, 'min_samples_leaf': 2, 'min_samples_split': 10, 'n_estimators': 1000}",0.8455506006142858,0.003540589869534101
36,"{'bootstrap': True, 'max_depth': 20, 'min_samples_leaf': 4, 'min_samples_split': 2, 'n_estimators': 100}",0.8414149755382566,0.00488688490219967
37,"{'bootstrap': True, 'max_depth': 20, 'min_samples_leaf': 4, 'min_samples_split': 2, 'n_estimators': 200}",0.8434115325800504,0.006055190174073286
38,"{'bootstrap': True, 'max_depth': 20, 'min_samples_leaf': 4, 'min_samples_split': 2, 'n_estimators': 400}",0.8431263275759137,0.004550696168763356
39,"{'bootstrap': True, 'max_depth': 20, 'min_samples_leaf': 4, 'min_samples_split': 2, 'n_estimators': 600}",0.8444098416041564,0.006931959892744583
40,"{'bootstrap': True, 'max_depth': 20, 'min_samples_leaf': 4, 'min_samples_split': 2, 'n_estimators': 800}",0.8435543486045819,0.006329163794253652
41,"{'bootstrap': True, 'max_depth': 20, 'min_samples_leaf': 4, 'min_samples_split': 2, 'n_estimators': 1000}",0.8441244535807656,0.005435952427487371
42,"{'bootstrap': True, 'max_depth': 20, 'min_samples_leaf': 4, 'min_samples_split': 5, 'n_estimators': 100}",0.8412720985073072,0.004891397897592625
43,"{'bootstrap': True, 'max_depth': 20, 'min_samples_leaf': 4, 'min_samples_split': 5, 'n_estimators': 200}",0.8435543486045819,0.005678569489212504
44,"{'bootstrap': True, 'max_depth': 20, 'min_samples_leaf': 4, 'min_samples_split': 5, 'n_estimators': 400}",0.8428407565332688,0.004562698895745294
45,"{'bootstrap': True, 'max_depth': 20, 'min_samples_leaf': 4, 'min_samples_split': 5, 'n_estimators': 600}",0.8431262055630776,0.0058040246588344415
46,"{'bootstrap': True, 'max_depth': 20, 'min_samples_leaf': 4, 'min_samples_split': 5, 'n_estimators': 800}",0.8426982455408273,0.005066453547182609
47,"{'bootstrap': True, 'max_depth': 20, 'min_samples_leaf': 4, 'min_samples_split': 5, 'n_estimators': 1000}",0.8421277745261357,0.004891396771485147
48,"{'bootstrap': True, 'max_depth': 20, 'min_samples_leaf': 4, 'min_samples_split': 10, 'n_estimators': 100}",0.8426984895664994,0.0045506719186533305
49,"{'bootstrap': True, 'max_depth': 20, 'min_samples_leaf': 4, 'min_samples_split': 10, 'n_estimators': 200}",0.840559421532264,0.0038163128216598106
50,"{'bootstrap': True, 'max_depth': 20, 'min_samples_leaf': 4, 'min_samples_split': 10, 'n_estimators': 400}",0.8431262055630776,0.005457162339075133
51,"{'bootstrap': True, 'max_depth': 20, 'min_samples_leaf': 4, 'min_samples_split': 10, 'n_estimators': 600}",0.8426987335921714,0.006279110333774884
52,"{'bootstrap': True, 'max_depth': 20, 'min_samples_leaf': 4, 'min_samples_split': 10, 'n_estimators': 800}",0.8426984285600815,0.005330882016034717
53,"{'bootstrap': True, 'max_depth': 20, 'min_samples_leaf': 4, 'min_samples_split': 10, 'n_estimators': 1000}",0.8422702855185772,0.005441816466558298
54,"{'bootstrap': True, 'max_depth': 40, 'min_samples_leaf': 1, 'min_samples_split': 2, 'n_estimators': 100}",0.8464059716010244,0.003449204567017951
55,"{'bootstrap': True, 'max_depth': 40, 'min_samples_leaf': 1, 'min_samples_split': 2, 'n_estimators': 200}",0.8449801295995941,0.004392752913932414
56,"{'bootstrap': True, 'max_depth': 40, 'min_samples_leaf': 1, 'min_samples_split': 2, 'n_estimators': 400}",0.8464062156266964,0.005422162416350693
57,"{'bootstrap': True, 'max_depth': 40, 'min_samples_leaf': 1, 'min_samples_split': 2, 'n_estimators': 600}",0.8459783166108642,0.004192652047354331
58,"{'bootstrap': True, 'max_depth': 40, 'min_samples_leaf': 1, 'min_samples_split': 2, 'n_estimators': 800}",0.8449798855739221,0.005465288625507801
59,"{'bootstrap': True, 'max_depth': 40, 'min_samples_leaf': 1, 'min_samples_split': 2, 'n_estimators': 1000}",0.844267025579625,0.005422140832397414
60,"{'bootstrap': True, 'max_depth': 40, 'min_samples_leaf': 1, 'min_samples_split': 5, 'n_estimators': 100}",0.8449797025546681,0.004180224838624876
61,"{'bootstrap': True, 'max_depth': 40, 'min_samples_leaf': 1, 'min_samples_split': 5, 'n_estimators': 200}",0.8458358056184226,0.006132389270129602
62,"{'bootstrap': True, 'max_depth': 40, 'min_samples_leaf': 1, 'min_samples_split': 5, 'n_estimators': 400}",0.8452650905780589,0.007037611281981292
63,"{'bootstrap': True, 'max_depth': 40, 'min_samples_leaf': 1, 'min_samples_split': 5, 'n_estimators': 600}",0.8458355005863326,0.004659321724583098
64,"{'bootstrap': True, 'max_depth': 40, 'min_samples_leaf': 1, 'min_samples_split': 5, 'n_estimators': 800}",0.8456934776452353,0.004756515299678639
65,"{'bootstrap': True, 'max_depth': 40, 'min_samples_leaf': 1, 'min_samples_split': 5, 'n_estimators': 1000}",0.8461208886097236,0.005943983607910429
66,"{'bootstrap': True, 'max_depth': 40, 'min_samples_leaf': 1, 'min_samples_split': 10, 'n_estimators': 100}",0.8444094755656485,0.006833886929912103
67,"{'bootstrap': True, 'max_depth': 40, 'min_samples_leaf': 1, 'min_samples_split': 10, 'n_estimators': 200}",0.8444097805977385,0.005674768155435565
68,"{'bootstrap': True, 'max_depth': 40, 'min_samples_leaf': 1, 'min_samples_split': 10, 'n_estimators': 400}",0.8449798855739221,0.0047738461580186945
69,"{'bootstrap': True, 'max_depth': 40, 'min_samples_leaf': 1, 'min_samples_split': 10, 'n_estimators': 600}",0.8456932336195632,0.0047646139834845785
70,"{'bootstrap': True, 'max_depth': 40, 'min_samples_leaf': 1, 'min_samples_split': 10, 'n_estimators': 800}",0.8448374355878987,0.005415806745981277
71,"{'bootstrap': True, 'max_depth': 40, 'min_samples_leaf': 1, 'min_samples_split': 10, 'n_estimators': 1000}",0.8455502955821959,0.005152197730056815
72,"{'bootstrap': True, 'max_depth': 40, 'min_samples_leaf': 2, 'min_samples_split': 2, 'n_estimators': 100}",0.8418425085155808,0.005245872710116259
73,"{'bootstrap': True, 'max_depth': 40, 'min_samples_leaf': 2, 'min_samples_split': 2, 'n_estimators': 200}",0.8456932336195634,0.006846197875802724
74,"{'bootstrap': True, 'max_depth': 40, 'min_samples_leaf': 2, 'min_samples_split': 2, 'n_estimators': 400}",0.8434109835222885,0.00496289045695749
75,"{'bootstrap': True, 'max_depth': 40, 'min_samples_leaf': 2, 'min_samples_split': 2, 'n_estimators': 600}",0.8448373745814807,0.006293118323273836
76,"{'bootstrap': True, 'max_depth': 40, 'min_samples_leaf': 2, 'min_samples_split': 2, 'n_estimators': 800}",0.8446950466082933,0.005712949466434463
77,"{'bootstrap': True, 'max_depth': 40, 'min_samples_leaf': 2, 'min_samples_split': 2, 'n_estimators': 1000}",0.8446948025826213,0.00454202305855545
78,"{'bootstrap': True, 'max_depth': 40, 'min_samples_leaf': 2, 'min_samples_split': 5, 'n_estimators': 100}",0.8441242705615116,0.005955317079508412
79,"{'bootstrap': True, 'max_depth': 40, 'min_samples_leaf': 2, 'min_samples_split': 5, 'n_estimators': 200}",0.8444095975784845,0.00541580563888992
80,"{'bootstrap': True, 'max_depth': 40, 'min_samples_leaf': 2, 'min_samples_split': 5, 'n_estimators': 400}",0.8429836335642182,0.006176522158949869
81,"{'bootstrap': True, 'max_depth': 40, 'min_samples_leaf': 2, 'min_samples_split': 5, 'n_estimators': 600}",0.8451226405920357,0.0038432858207342563
82,"{'bootstrap': True, 'max_depth': 40, 'min_samples_leaf': 2, 'min_samples_split': 5, 'n_estimators': 800}",0.844267025579625,0.0050732297258597224
83,"{'bootstrap': True, 'max_depth': 40, 'min_samples_leaf': 2, 'min_samples_split': 5, 'n_estimators': 1000}",0.8449801295995941,0.005088004579584177
84,"{'bootstrap': True, 'max_depth': 40, 'min_samples_leaf': 2, 'min_samples_split': 10, 'n_estimators': 100}",0.8425557955548039,0.0034326702597441867
85,"{'bootstrap': True, 'max_depth': 40, 'min_samples_leaf': 2, 'min_samples_split': 10, 'n_estimators': 200}",0.8448377406199886,0.004481066796641314
86,"{'bootstrap': True, 'max_depth': 40, 'min_samples_leaf': 2, 'min_samples_split': 10, 'n_estimators': 400}",0.8428409395525228,0.005784065664084786
87,"{'bootstrap': True, 'max_depth': 40, 'min_samples_leaf': 2, 'min_samples_split': 10, 'n_estimators': 600}",0.8439820035947422,0.005225015743748778
88,"{'bootstrap': True, 'max_depth': 40, 'min_samples_leaf': 2, 'min_samples_split': 10, 'n_estimators': 800}",0.8455504786014498,0.00524076380077439
89,"{'bootstrap': True, 'max_depth': 40, 'min_samples_leaf': 2, 'min_samples_split': 10, 'n_estimators': 1000}",0.8448374965943167,0.004905420434304336
90,"{'bootstrap': True, 'max_depth': 40, 'min_samples_leaf': 4, 'min_samples_split': 2, 'n_estimators': 100}",0.8408445045235649,0.0057127893231723684
91,"{'bootstrap': True, 'max_depth': 40, 'min_samples_leaf': 4, 'min_samples_split': 2, 'n_estimators': 200}",0.8428406955268507,0.005119381260957139
92,"{'bootstrap': True, 'max_depth': 40, 'min_samples_leaf': 4, 'min_samples_split': 2, 'n_estimators': 400}",0.8431265716015856,0.006601353467714748
93,"{'bootstrap': True, 'max_depth': 40, 'min_samples_leaf': 4, 'min_samples_split': 2, 'n_estimators': 600}",0.8432685335362651,0.005465335177487402
94,"{'bootstrap': True, 'max_depth': 40, 'min_samples_leaf': 4, 'min_samples_split': 2, 'n_estimators': 800}",0.8419853855465304,0.006552649473165038
95,"{'bootstrap': True, 'max_depth': 40, 'min_samples_leaf': 4, 'min_samples_split': 2, 'n_estimators': 1000}",0.8439820646011601,0.005474183261760341
96,"{'bootstrap': True, 'max_depth': 40, 'min_samples_leaf': 4, 'min_samples_split': 5, 'n_estimators': 100}",0.8439819425883242,0.004645768626274806
97,"{'bootstrap': True, 'max_depth': 40, 'min_samples_leaf': 4, 'min_samples_split': 5, 'n_estimators': 200}",0.8434114715736326,0.005485734602194226
98,"{'bootstrap': True, 'max_depth': 40, 'min_samples_leaf': 4, 'min_samples_split': 5, 'n_estimators': 400}",0.8428411225717768,0.006097616097407051
99,"{'bootstrap': True, 'max_depth': 40, 'min_samples_leaf': 4, 'min_samples_split': 5, 'n_estimators': 600}",0.8445521695773439,0.005766253443518179
100,"{'bootstrap': True, 'max_depth': 40, 'min_samples_leaf': 4, 'min_samples_split': 5, 'n_estimators': 800}",0.8436967985906053,0.007122542967524334
101,"{'bootstrap': True, 'max_depth': 40, 'min_samples_leaf': 4, 'min_samples_split': 5, 'n_estimators': 1000}",0.843268960581191,0.005419317050414763
102,"{'bootstrap': True, 'max_depth': 40, 'min_samples_leaf': 4, 'min_samples_split': 10, 'n_estimators': 100}",0.8424130405366905,0.004195977230561382
103,"{'bootstrap': True, 'max_depth': 40, 'min_samples_leaf': 4, 'min_samples_split': 10, 'n_estimators': 200}",0.8419852635336943,0.006132329421029126
104,"{'bootstrap': True, 'max_depth': 40, 'min_samples_leaf': 4, 'min_samples_split': 10, 'n_estimators': 400}",0.8429837555770542,0.005614157791504636
105,"{'bootstrap': True, 'max_depth': 40, 'min_samples_leaf': 4, 'min_samples_split': 10, 'n_estimators': 600}",0.8426985505729174,0.004809388848798234
106,"{'bootstrap': True, 'max_depth': 40, 'min_samples_leaf': 4, 'min_samples_split': 10, 'n_estimators': 800}",0.843269021587609,0.005338059764780206
107,"{'bootstrap': True, 'max_depth': 40, 'min_samples_leaf': 4, 'min_samples_split': 10, 'n_estimators': 1000}",0.8438394315958827,0.00663098132710384
108,"{'bootstrap': True, 'max_depth': 60, 'min_samples_leaf': 1, 'min_samples_split': 2, 'n_estimators': 100}",0.8432691436004451,0.004930013940908696
109,"{'bootstrap': True, 'max_depth': 60, 'min_samples_leaf': 1, 'min_samples_split': 2, 'n_estimators': 200}",0.8468339926296927,0.004542020104578325
110,"{'bootstrap': True, 'max_depth': 60, 'min_samples_leaf': 1, 'min_samples_split': 2, 'n_estimators': 400}",0.8458355005863328,0.005685854189361916
111,"{'bootstrap': True, 'max_depth': 60, 'min_samples_leaf': 1, 'min_samples_split': 2, 'n_estimators': 600}",0.8458356225991687,0.004910545017717662
112,"{'bootstrap': True, 'max_depth': 60, 'min_samples_leaf': 1, 'min_samples_split': 2, 'n_estimators': 800}",0.8456932336195634,0.005110711073450284
113,"{'bootstrap': True, 'max_depth': 60, 'min_samples_leaf': 1, 'min_samples_split': 2, 'n_estimators': 1000}",0.8465484825934658,0.005435581531390116
114,"{'bootstrap': True, 'max_depth': 60, 'min_samples_leaf': 1, 'min_samples_split': 5, 'n_estimators': 100}",0.845977950572356,0.004902710875922209
115,"{'bootstrap': True, 'max_depth': 60, 'min_samples_leaf': 1, 'min_samples_split': 5, 'n_estimators': 200}",0.846263338595747,0.004659302479484951
116,"{'bootstrap': True, 'max_depth': 60, 'min_samples_leaf': 1, 'min_samples_split': 5, 'n_estimators': 400}",0.8475470356432439,0.00541695837575637
117,"{'bootstrap': True, 'max_depth': 60, 'min_samples_leaf': 1, 'min_samples_split': 5, 'n_estimators': 600}",0.8474046466636382,0.004645913798398425
118,"{'bootstrap': True, 'max_depth': 60, 'min_samples_leaf': 1, 'min_samples_split': 5, 'n_estimators': 800}",0.8466914206308331,0.004196012248716412
119,"{'bootstrap': True, 'max_depth': 60, 'min_samples_leaf': 1, 'min_samples_split': 5, 'n_estimators': 1000}",0.8469767476478061,0.00476465064099443
120,"{'bootstrap': True, 'max_depth': 60, 'min_samples_leaf': 1, 'min_samples_split': 10, 'n_estimators': 100}",0.8456932946259812,0.00774818234710331
121,"{'bootstrap': True, 'max_depth': 60, 'min_samples_leaf': 1, 'min_samples_split': 10, 'n_estimators': 200}",0.8439823696332501,0.007165952387300287
122,"{'bootstrap': True, 'max_depth': 60, 'min_samples_leaf': 1, 'min_samples_split': 10, 'n_estimators': 400}",0.8444097805977385,0.003965376718601407
123,"{'bootstrap': True, 'max_depth': 60, 'min_samples_leaf': 1, 'min_samples_split': 10, 'n_estimators': 600}",0.8461209496161416,0.002621265050161961
124,"{'bootstrap': True, 'max_depth': 60, 'min_samples_leaf': 1, 'min_samples_split': 10, 'n_estimators': 800}",0.8449800075867581,0.00402001861337587
125,"{'bootstrap': True, 'max_depth': 60, 'min_samples_leaf': 1, 'min_samples_split': 10, 'n_estimators': 1000}",0.8446952906339652,0.005443338932748531
126,"{'bootstrap': True, 'max_depth': 60, 'min_samples_leaf': 2, 'min_samples_split': 2, 'n_estimators': 100}",0.8428412445846128,0.004018234147218216
127,"{'bootstrap': True, 'max_depth': 60, 'min_samples_leaf': 2, 'min_samples_split': 2, 'n_estimators': 200}",0.8431262665694956,0.006019188855190652
128,"{'bootstrap': True, 'max_depth': 60, 'min_samples_leaf': 2, 'min_samples_split': 2, 'n_estimators': 400}",0.8461210106225595,0.004557146702128418
129,"{'bootstrap': True, 'max_depth': 60, 'min_samples_leaf': 2, 'min_samples_split': 2, 'n_estimators': 600}",0.8461210106225595,0.003861148002435665
130,"{'bootstrap': True, 'max_depth': 60, 'min_samples_leaf': 2, 'min_samples_split': 2, 'n_estimators': 800}",0.8456932336195634,0.005110711073450284
131,"{'bootstrap': True, 'max_depth': 60, 'min_samples_leaf': 2, 'min_samples_split': 2, 'n_estimators': 1000}",0.8448376186071527,0.004304866680131198
132,"{'bootstrap': True, 'max_depth': 60, 'min_samples_leaf': 2, 'min_samples_split': 5, 'n_estimators': 100}",0.8439821256075781,0.005733812076718928
133,"{'bootstrap': True, 'max_depth': 60, 'min_samples_leaf': 2, 'min_samples_split': 5, 'n_estimators': 200}",0.8456927455682193,0.005689624398827726
134,"{'bootstrap': True, 'max_depth': 60, 'min_samples_leaf': 2, 'min_samples_split': 5, 'n_estimators': 400}",0.8445521085709258,0.005955310781870979
135,"{'bootstrap': True, 'max_depth': 60, 'min_samples_leaf': 2, 'min_samples_split': 5, 'n_estimators': 600}",0.8456934776452353,0.004756515299678639
136,"{'bootstrap': True, 'max_depth': 60, 'min_samples_leaf': 2, 'min_samples_split': 5, 'n_estimators': 800}",0.8451227015984536,0.0054221494618706305
137,"{'bootstrap': True, 'max_depth': 60, 'min_samples_leaf': 2, 'min_samples_split': 5, 'n_estimators': 1000}",0.8441243925743476,0.005592640462985518
138,"{'bootstrap': True, 'max_depth': 60, 'min_samples_leaf': 2, 'min_samples_split': 10, 'n_estimators': 100}",0.843268899574773,0.0044981856816199255
139,"{'bootstrap': True, 'max_depth': 60, 'min_samples_leaf': 2, 'min_samples_split': 10, 'n_estimators': 200}",0.8438395536087188,0.0054786078105312636
140,"{'bootstrap': True, 'max_depth': 60, 'min_samples_leaf': 2, 'min_samples_split': 10, 'n_estimators': 400}",0.8449800685931762,0.005941871137371219
141,"{'bootstrap': True, 'max_depth': 60, 'min_samples_leaf': 2, 'min_samples_split': 10, 'n_estimators': 600}",0.8436967375841874,0.005179321654249268
142,"{'bootstrap': True, 'max_depth': 60, 'min_samples_leaf': 2, 'min_samples_split': 10, 'n_estimators': 800}",0.8439818205754882,0.004557111482170803
143,"{'bootstrap': True, 'max_depth': 60, 'min_samples_leaf': 2, 'min_samples_split': 10, 'n_estimators': 1000}",0.8444097195913205,0.006151200112756333
144,"{'bootstrap': True, 'max_depth': 60, 'min_samples_leaf': 4, 'min_samples_split': 2, 'n_estimators': 100}",0.8419853855465304,0.0055214654314913875
145,"{'bootstrap': True, 'max_depth': 60, 'min_samples_leaf': 4, 'min_samples_split': 2, 'n_estimators': 200}",0.8422704685378312,0.0062997690851909855
146,"{'bootstrap': True, 'max_depth': 60, 'min_samples_leaf': 4, 'min_samples_split': 2, 'n_estimators': 400}",0.8435540435724919,0.004764552918253565
147,"{'bootstrap': True, 'max_depth': 60, 'min_samples_leaf': 4, 'min_samples_split': 2, 'n_estimators': 600}",0.8439820035947422,0.0055644173888580875
148,"{'bootstrap': True, 'max_depth': 60, 'min_samples_leaf': 4, 'min_samples_split': 2, 'n_estimators': 800}",0.8425556125355499,0.0041926572172684105
149,"{'bootstrap': True, 'max_depth': 60, 'min_samples_leaf': 4, 'min_samples_split': 2, 'n_estimators': 1000}",0.8435539825660738,0.006299784353903923
150,"{'bootstrap': True, 'max_depth': 60, 'min_samples_leaf': 4, 'min_samples_split': 5, 'n_estimators': 100}",0.8444097805977385,0.003965376718601407
151,"{'bootstrap': True, 'max_depth': 60, 'min_samples_leaf': 4, 'min_samples_split': 5, 'n_estimators': 200}",0.843554226591746,0.005474158332574962
152,"{'bootstrap': True, 'max_depth': 60, 'min_samples_leaf': 4, 'min_samples_split': 5, 'n_estimators': 400}",0.8439820035947422,0.006246521740811953
153,"{'bootstrap': True, 'max_depth': 60, 'min_samples_leaf': 4, 'min_samples_split': 5, 'n_estimators': 600}",0.8424132235559445,0.005864541571569619
154,"{'bootstrap': True, 'max_depth': 60, 'min_samples_leaf': 4, 'min_samples_split': 5, 'n_estimators': 800}",0.8429832675257103,0.006185819088548303
155,"{'bootstrap': True, 'max_depth': 60, 'min_samples_leaf': 4, 'min_samples_split': 5, 'n_estimators': 1000}",0.8442670865860431,0.00631490694829768
156,"{'bootstrap': True, 'max_depth': 60, 'min_samples_leaf': 4, 'min_samples_split': 10, 'n_estimators': 100}",0.8422704075314131,0.0061145060278507985
157,"{'bootstrap': True, 'max_depth': 60, 'min_samples_leaf': 4, 'min_samples_split': 10, 'n_estimators': 200}",0.8425558565612219,0.007086193719521269
158,"{'bootstrap': True, 'max_depth': 60, 'min_samples_leaf': 4, 'min_samples_split': 10, 'n_estimators': 400}",0.8418428135476709,0.006246433407357202
159,"{'bootstrap': True, 'max_depth': 60, 'min_samples_leaf': 4, 'min_samples_split': 10, 'n_estimators': 600}",0.8439818815819061,0.00684616387506531
160,"{'bootstrap': True, 'max_depth': 60, 'min_samples_leaf': 4, 'min_samples_split': 10, 'n_estimators': 800}",0.8429836945706363,0.006055173385063954
161,"{'bootstrap': True, 'max_depth': 60, 'min_samples_leaf': 4, 'min_samples_split': 10, 'n_estimators': 1000}",0.8432685335362651,0.006158423628112261
162,"{'bootstrap': True, 'max_depth': 80, 'min_samples_leaf': 1, 'min_samples_split': 2, 'n_estimators': 100}",0.8435541655853279,0.005224994620425011
163,"{'bootstrap': True, 'max_depth': 80, 'min_samples_leaf': 1, 'min_samples_split': 2, 'n_estimators': 200}",0.8446948635890393,0.0033301503290605575
164,"{'bootstrap': True, 'max_depth': 80, 'min_samples_leaf': 1, 'min_samples_split': 2, 'n_estimators': 400}",0.8448371915622267,0.00485251079634508
165,"{'bootstrap': True, 'max_depth': 80, 'min_samples_leaf': 1, 'min_samples_split': 2, 'n_estimators': 600}",0.8461209496161416,0.00611451484215257
166,"{'bootstrap': True, 'max_depth': 80, 'min_samples_leaf': 1, 'min_samples_split': 2, 'n_estimators': 800}",0.8455504175950318,0.006123212298659387
167,"{'bootstrap': True, 'max_depth': 80, 'min_samples_leaf': 1, 'min_samples_split': 2, 'n_estimators': 1000}",0.8468340536361105,0.005422166737249503
168,"{'bootstrap': True, 'max_depth': 80, 'min_samples_leaf': 1, 'min_samples_split': 5, 'n_estimators': 100}",0.8442673306117149,0.00392267452098207
169,"{'bootstrap': True, 'max_depth': 80, 'min_samples_leaf': 1, 'min_samples_split': 5, 'n_estimators': 200}",0.8471191976338295,0.004718441282385744
170,"{'bootstrap': True, 'max_depth': 80, 'min_samples_leaf': 1, 'min_samples_split': 5, 'n_estimators': 400}",0.8448375576007346,0.005457204982985288
171,"{'bootstrap': True, 'max_depth': 80, 'min_samples_leaf': 1, 'min_samples_split': 5, 'n_estimators': 600}",0.8462637046342549,0.006336455191073343
172,"{'bootstrap': True, 'max_depth': 80, 'min_samples_leaf': 1, 'min_samples_split': 5, 'n_estimators': 800}",0.8466913596244151,0.005766243571471999
173,"{'bootstrap': True, 'max_depth': 80, 'min_samples_leaf': 1, 'min_samples_split': 5, 'n_estimators': 1000}",0.8448373135750628,0.006833880169701384
174,"{'bootstrap': True, 'max_depth': 80, 'min_samples_leaf': 1, 'min_samples_split': 10, 'n_estimators': 100}",0.8456932946259812,0.006019272869411603
175,"{'bootstrap': True, 'max_depth': 80, 'min_samples_leaf': 1, 'min_samples_split': 10, 'n_estimators': 200}",0.8455505396078679,0.0036784909579561536
176,"{'bootstrap': True, 'max_depth': 80, 'min_samples_leaf': 1, 'min_samples_split': 10, 'n_estimators': 400}",0.844267086586043,0.00354054793051756
177,"{'bootstrap': True, 'max_depth': 80, 'min_samples_leaf': 1, 'min_samples_split': 10, 'n_estimators': 600}",0.8449800685931761,0.006291113509861657
178,"{'bootstrap': True, 'max_depth': 80, 'min_samples_leaf': 1, 'min_samples_split': 10, 'n_estimators': 800}",0.846263399602165,0.0044289428186391295
179,"{'bootstrap': True, 'max_depth': 80, 'min_samples_leaf': 1, 'min_samples_split': 10, 'n_estimators': 1000}",0.8456932336195632,0.005804084809565559
180,"{'bootstrap': True, 'max_depth': 80, 'min_samples_leaf': 2, 'min_samples_split': 2, 'n_estimators': 100}",0.8441248806256917,0.006479613390889886
181,"{'bootstrap': True, 'max_depth': 80, 'min_samples_leaf': 2, 'min_samples_split': 2, 'n_estimators': 200}",0.8445525966222699,0.004956819935293847
182,"{'bootstrap': True, 'max_depth': 80, 'min_samples_leaf': 2, 'min_samples_split': 2, 'n_estimators': 400}",0.845978377617282,0.005771124662686028
183,"{'bootstrap': True, 'max_depth': 80, 'min_samples_leaf': 2, 'min_samples_split': 2, 'n_estimators': 600}",0.8448372525686447,0.004275449165871395
184,"{'bootstrap': True, 'max_depth': 80, 'min_samples_leaf': 2, 'min_samples_split': 2, 'n_estimators': 800}",0.8444097805977385,0.006019230856882848
185,"{'bootstrap': True, 'max_depth': 80, 'min_samples_leaf': 2, 'min_samples_split': 2, 'n_estimators': 1000}",0.8449800075867581,0.0054169709736996115
186,"{'bootstrap': True, 'max_depth': 80, 'min_samples_leaf': 2, 'min_samples_split': 5, 'n_estimators': 100}",0.8458359276312587,0.00483823122855828
187,"{'bootstrap': True, 'max_depth': 80, 'min_samples_leaf': 2, 'min_samples_split': 5, 'n_estimators': 200}",0.8429835725578002,0.004924776862187195
188,"{'bootstrap': True, 'max_depth': 80, 'min_samples_leaf': 2, 'min_samples_split': 5, 'n_estimators': 400}",0.8449801295995941,0.0033526087129058055
189,"{'bootstrap': True, 'max_depth': 80, 'min_samples_leaf': 2, 'min_samples_split': 5, 'n_estimators': 600}",0.8439820646011601,0.006484683635679685
190,"{'bootstrap': True, 'max_depth': 80, 'min_samples_leaf': 2, 'min_samples_split': 5, 'n_estimators': 800}",0.8446948025826213,0.00454202305855545
191,"{'bootstrap': True, 'max_depth': 80, 'min_samples_leaf': 2, 'min_samples_split': 5, 'n_estimators': 1000}",0.844267208598879,0.004355031938078254
192,"{'bootstrap': True, 'max_depth': 80, 'min_samples_leaf': 2, 'min_samples_split': 10, 'n_estimators': 100}",0.843268899574773,0.0044981856816199255
193,"{'bootstrap': True, 'max_depth': 80, 'min_samples_leaf': 2, 'min_samples_split': 10, 'n_estimators': 200}",0.8439818815819061,0.005110665526708911
194,"{'bootstrap': True, 'max_depth': 80, 'min_samples_leaf': 2, 'min_samples_split': 10, 'n_estimators': 400}",0.8441243315679295,0.005067708435681053
195,"{'bootstrap': True, 'max_depth': 80, 'min_samples_leaf': 2, 'min_samples_split': 10, 'n_estimators': 600}",0.8446951686211293,0.005867693771646947
196,"{'bootstrap': True, 'max_depth': 80, 'min_samples_leaf': 2, 'min_samples_split': 10, 'n_estimators': 800}",0.8446952296275473,0.005803258979123804
197,"{'bootstrap': True, 'max_depth': 80, 'min_samples_leaf': 2, 'min_samples_split': 10, 'n_estimators': 1000}",0.8445523525965979,0.00460760753162084
198,"{'bootstrap': True, 'max_depth': 80, 'min_samples_leaf': 4, 'min_samples_split': 2, 'n_estimators': 100}",0.8428412445846128,0.004638649334581147
199,"{'bootstrap': True, 'max_depth': 80, 'min_samples_leaf': 4, 'min_samples_split': 2, 'n_estimators': 200}",0.8425556735419679,0.00786566756469812
200,"{'bootstrap': True, 'max_depth': 80, 'min_samples_leaf': 4, 'min_samples_split': 2, 'n_estimators': 400}",0.8418426915348348,0.004764504093626653
201,"{'bootstrap': True, 'max_depth': 80, 'min_samples_leaf': 4, 'min_samples_split': 2, 'n_estimators': 600}",0.8441245755936017,0.004159866010208483
202,"{'bootstrap': True, 'max_depth': 80, 'min_samples_leaf': 4, 'min_samples_split': 2, 'n_estimators': 800}",0.8428410005589407,0.005297655586276798
203,"{'bootstrap': True, 'max_depth': 80, 'min_samples_leaf': 4, 'min_samples_split': 2, 'n_estimators': 1000}",0.8414149145318386,0.004304710089543379
204,"{'bootstrap': True, 'max_depth': 80, 'min_samples_leaf': 4, 'min_samples_split': 5, 'n_estimators': 100}",0.8426984285600815,0.0056747087563199065
205,"{'bootstrap': True, 'max_depth': 80, 'min_samples_leaf': 4, 'min_samples_split': 5, 'n_estimators': 200}",0.8431262665694956,0.007055484000971677
206,"{'bootstrap': True, 'max_depth': 80, 'min_samples_leaf': 4, 'min_samples_split': 5, 'n_estimators': 400}",0.8424131015431086,0.005087956494665674
207,"{'bootstrap': True, 'max_depth': 80, 'min_samples_leaf': 4, 'min_samples_split': 5, 'n_estimators': 600}",0.8431258395245697,0.004852591911565823
208,"{'bootstrap': True, 'max_depth': 80, 'min_samples_leaf': 4, 'min_samples_split': 5, 'n_estimators': 800}",0.8438393095830468,0.006868954912552122
209,"{'bootstrap': True, 'max_depth': 80, 'min_samples_leaf': 4, 'min_samples_split': 5, 'n_estimators': 1000}",0.8422705295442491,0.0051106200028654914
210,"{'bootstrap': True, 'max_depth': 80, 'min_samples_leaf': 4, 'min_samples_split': 10, 'n_estimators': 100}",0.8438391265637928,0.0038432879327828916
211,"{'bootstrap': True, 'max_depth': 80, 'min_samples_leaf': 4, 'min_samples_split': 10, 'n_estimators': 200}",0.8422707735699211,0.006064765614242555
212,"{'bootstrap': True, 'max_depth': 80, 'min_samples_leaf': 4, 'min_samples_split': 10, 'n_estimators': 400}",0.8426983675536635,0.005804014638140632
213,"{'bootstrap': True, 'max_depth': 80, 'min_samples_leaf': 4, 'min_samples_split': 10, 'n_estimators': 600}",0.8422704075314131,0.005415800124045764
214,"{'bootstrap': True, 'max_depth': 80, 'min_samples_leaf': 4, 'min_samples_split': 10, 'n_estimators': 800}",0.843554043572492,0.005457172998037916
215,"{'bootstrap': True, 'max_depth': 80, 'min_samples_leaf': 4, 'min_samples_split': 10, 'n_estimators': 1000}",0.8422705295442491,0.0051106200028654914
216,"{'bootstrap': True, 'max_depth': 100, 'min_samples_leaf': 1, 'min_samples_split': 2, 'n_estimators': 100}",0.8434110445287065,0.006067796380200778
217,"{'bootstrap': True, 'max_depth': 100, 'min_samples_leaf': 1, 'min_samples_split': 2, 'n_estimators': 200}",0.8465487266191377,0.004896820579462015
218,"{'bootstrap': True, 'max_depth': 100, 'min_samples_leaf': 1, 'min_samples_split': 2, 'n_estimators': 400}",0.843554226591746,0.004155916836601876
219,"{'bootstrap': True, 'max_depth': 100, 'min_samples_leaf': 1, 'min_samples_split': 2, 'n_estimators': 600}",0.8455505396078679,0.004724402499763907
220,"{'bootstrap': True, 'max_depth': 100, 'min_samples_leaf': 1, 'min_samples_split': 2, 'n_estimators': 800}",0.8449799465803401,0.00491056028516372
221,"{'bootstrap': True, 'max_depth': 100, 'min_samples_leaf': 1, 'min_samples_split': 2, 'n_estimators': 1000}",0.8469768086542241,0.005674857292293634
222,"{'bootstrap': True, 'max_depth': 100, 'min_samples_leaf': 1, 'min_samples_split': 5, 'n_estimators': 100}",0.8464061546202784,0.004542020692096259
223,"{'bootstrap': True, 'max_depth': 100, 'min_samples_leaf': 1, 'min_samples_split': 5, 'n_estimators': 200}",0.8434114105672146,0.006662901659734692
224,"{'bootstrap': True, 'max_depth': 100, 'min_samples_leaf': 1, 'min_samples_split': 5, 'n_estimators': 400}",0.8468338096104385,0.004466894134211658
225,"{'bootstrap': True, 'max_depth': 100, 'min_samples_leaf': 1, 'min_samples_split': 5, 'n_estimators': 600}",0.8454078455961724,0.006115541245561058
226,"{'bootstrap': True, 'max_depth': 100, 'min_samples_leaf': 1, 'min_samples_split': 5, 'n_estimators': 800}",0.8464062766331143,0.004578041371499808
227,"{'bootstrap': True, 'max_depth': 100, 'min_samples_leaf': 1, 'min_samples_split': 5, 'n_estimators': 1000}",0.844267086586043,0.005619397360421714
228,"{'bootstrap': True, 'max_depth': 100, 'min_samples_leaf': 1, 'min_samples_split': 10, 'n_estimators': 100}",0.8434111055351244,0.004809171462588326
229,"{'bootstrap': True, 'max_depth': 100, 'min_samples_leaf': 1, 'min_samples_split': 10, 'n_estimators': 200}",0.8446948025826213,0.005240764829086582
230,"{'bootstrap': True, 'max_depth': 100, 'min_samples_leaf': 1, 'min_samples_split': 10, 'n_estimators': 400}",0.8452650295716411,0.005192733916026064
231,"{'bootstrap': True, 'max_depth': 100, 'min_samples_leaf': 1, 'min_samples_split': 10, 'n_estimators': 600}",0.844552047564508,0.0058116769003151506
232,"{'bootstrap': True, 'max_depth': 100, 'min_samples_leaf': 1, 'min_samples_split': 10, 'n_estimators': 800}",0.8444094755656485,0.005441773998198537
233,"{'bootstrap': True, 'max_depth': 100, 'min_samples_leaf': 1, 'min_samples_split': 10, 'n_estimators': 1000}",0.8445522305837619,0.0045451070172731044
234,"{'bootstrap': True, 'max_depth': 100, 'min_samples_leaf': 2, 'min_samples_split': 2, 'n_estimators': 100}",0.8434111055351244,0.004467039174020819
235,"{'bootstrap': True, 'max_depth': 100, 'min_samples_leaf': 2, 'min_samples_split': 2, 'n_estimators': 200}",0.8441243315679295,0.006115546837780507
236,"{'bootstrap': True, 'max_depth': 100, 'min_samples_leaf': 2, 'min_samples_split': 2, 'n_estimators': 400}",0.8459782556044461,0.0033358089779430174
237,"{'bootstrap': True, 'max_depth': 100, 'min_samples_leaf': 2, 'min_samples_split': 2, 'n_estimators': 600}",0.8466914816372513,0.004740284362966136
238,"{'bootstrap': True, 'max_depth': 100, 'min_samples_leaf': 2, 'min_samples_split': 2, 'n_estimators': 800}",0.8448371915622267,0.005534133504743189
239,"{'bootstrap': True, 'max_depth': 100, 'min_samples_leaf': 2, 'min_samples_split': 2, 'n_estimators': 1000}",0.8441243315679295,0.003670853343895894
240,"{'bootstrap': True, 'max_depth': 100, 'min_samples_leaf': 2, 'min_samples_split': 5, 'n_estimators': 100}",0.8444093535528125,0.006219575822746042
241,"{'bootstrap': True, 'max_depth': 100, 'min_samples_leaf': 2, 'min_samples_split': 5, 'n_estimators': 200}",0.8439819425883242,0.0043048275226434795
242,"{'bootstrap': True, 'max_depth': 100, 'min_samples_leaf': 2, 'min_samples_split': 5, 'n_estimators': 400}",0.8441240875422577,0.004903860540049587
243,"{'bootstrap': True, 'max_depth': 100, 'min_samples_leaf': 2, 'min_samples_split': 5, 'n_estimators': 600}",0.844267086586043,0.004924806999701233
244,"{'bootstrap': True, 'max_depth': 100, 'min_samples_leaf': 2, 'min_samples_split': 5, 'n_estimators': 800}",0.844267086586043,0.004924806999701233
245,"{'bootstrap': True, 'max_depth': 100, 'min_samples_leaf': 2, 'min_samples_split': 5, 'n_estimators': 1000}",0.8451228236112894,0.004454259196259047
246,"{'bootstrap': True, 'max_depth': 100, 'min_samples_leaf': 2, 'min_samples_split': 10, 'n_estimators': 100}",0.8451228236112894,0.004454259196259047
247,"{'bootstrap': True, 'max_depth': 100, 'min_samples_leaf': 2, 'min_samples_split': 10, 'n_estimators': 200}",0.8458358056184228,0.005435982448407193
248,"{'bootstrap': True, 'max_depth': 100, 'min_samples_leaf': 2, 'min_samples_split': 10, 'n_estimators': 400}",0.8449800685931762,0.005941871137371219
249,"{'bootstrap': True, 'max_depth': 100, 'min_samples_leaf': 2, 'min_samples_split': 10, 'n_estimators': 600}",0.844267208598879,0.004692326641534255
250,"{'bootstrap': True, 'max_depth': 100, 'min_samples_leaf': 2, 'min_samples_split': 10, 'n_estimators': 800}",0.8454080896218444,0.005521600133421395
251,"{'bootstrap': True, 'max_depth': 100, 'min_samples_leaf': 2, 'min_samples_split': 10, 'n_estimators': 1000}",0.8435539825660738,0.005602397686200968
252,"{'bootstrap': True, 'max_depth': 100, 'min_samples_leaf': 4, 'min_samples_split': 2, 'n_estimators': 100}",0.8405591165001741,0.006648551789753375
253,"{'bootstrap': True, 'max_depth': 100, 'min_samples_leaf': 4, 'min_samples_split': 2, 'n_estimators': 200}",0.8419852025272764,0.005243421046662374
254,"{'bootstrap': True, 'max_depth': 100, 'min_samples_leaf': 4, 'min_samples_split': 2, 'n_estimators': 400}",0.8436965545649334,0.006291106504796864
255,"{'bootstrap': True, 'max_depth': 100, 'min_samples_leaf': 4, 'min_samples_split': 2, 'n_estimators': 600}",0.8431263885823316,0.005140646868042196
256,"{'bootstrap': True, 'max_depth': 100, 'min_samples_leaf': 4, 'min_samples_split': 2, 'n_estimators': 800}",0.8435544096109999,0.0056444709912356825
257,"{'bootstrap': True, 'max_depth': 100, 'min_samples_leaf': 4, 'min_samples_split': 2, 'n_estimators': 1000}",0.8429835115513823,0.005422127898457925
258,"{'bootstrap': True, 'max_depth': 100, 'min_samples_leaf': 4, 'min_samples_split': 5, 'n_estimators': 100}",0.8446951076147112,0.005278052529427947
259,"{'bootstrap': True, 'max_depth': 100, 'min_samples_leaf': 4, 'min_samples_split': 5, 'n_estimators': 200}",0.8411295265084476,0.004545081206894171
260,"{'bootstrap': True, 'max_depth': 100, 'min_samples_leaf': 4, 'min_samples_split': 5, 'n_estimators': 400}",0.842555551529132,0.004379997194513519
261,"{'bootstrap': True, 'max_depth': 100, 'min_samples_leaf': 4, 'min_samples_split': 5, 'n_estimators': 600}",0.8419855075593663,0.004355793573443747
262,"{'bootstrap': True, 'max_depth': 100, 'min_samples_leaf': 4, 'min_samples_split': 5, 'n_estimators': 800}",0.843269021587609,0.006341382056648179
263,"{'bootstrap': True, 'max_depth': 100, 'min_samples_leaf': 4, 'min_samples_split': 5, 'n_estimators': 1000}",0.8438391875702108,0.006120119069057014
264,"{'bootstrap': True, 'max_depth': 100, 'min_samples_leaf': 4, 'min_samples_split': 10, 'n_estimators': 100}",0.8429839385963082,0.008048790173864718
265,"{'bootstrap': True, 'max_depth': 100, 'min_samples_leaf': 4, 'min_samples_split': 10, 'n_estimators': 200}",0.8426984895664994,0.0045506719186533305
266,"{'bootstrap': True, 'max_depth': 100, 'min_samples_leaf': 4, 'min_samples_split': 10, 'n_estimators': 400}",0.8436968595970233,0.004035922181743777
267,"{'bootstrap': True, 'max_depth': 100, 'min_samples_leaf': 4, 'min_samples_split': 10, 'n_estimators': 600}",0.8444095365720665,0.006293121517452629
268,"{'bootstrap': True, 'max_depth': 100, 'min_samples_leaf': 4, 'min_samples_split': 10, 'n_estimators': 800}",0.8417000585295575,0.006314859952184138
269,"{'bootstrap': True, 'max_depth': 100, 'min_samples_leaf': 4, 'min_samples_split': 10, 'n_estimators': 1000}",0.8424132235559445,0.005864541571569619
270,"{'bootstrap': True, 'max_depth': None, 'min_samples_leaf': 1, 'min_samples_split': 2, 'n_estimators': 100}",0.8432683505170111,0.00516045475346579
271,"{'bootstrap': True, 'max_depth': None, 'min_samples_leaf': 1, 'min_samples_split': 2, 'n_estimators': 200}",0.8468337486040207,0.0050462253596920605
272,"{'bootstrap': True, 'max_depth': None, 'min_samples_leaf': 1, 'min_samples_split': 2, 'n_estimators': 400}",0.8455502955821959,0.004809087250708975
273,"{'bootstrap': True, 'max_depth': None, 'min_samples_leaf': 1, 'min_samples_split': 2, 'n_estimators': 600}",0.8481171406194274,0.004580759256325025
274,"{'bootstrap': True, 'max_depth': None, 'min_samples_leaf': 1, 'min_samples_split': 2, 'n_estimators': 800}",0.8461208276033055,0.005789526422272213
275,"{'bootstrap': True, 'max_depth': None, 'min_samples_leaf': 1, 'min_samples_split': 2, 'n_estimators': 1000}",0.8466914206308332,0.006291122866500454
276,"{'bootstrap': True, 'max_depth': None, 'min_samples_leaf': 1, 'min_samples_split': 5, 'n_estimators': 100}",0.8434114105672146,0.0031962549774051992
277,"{'bootstrap': True, 'max_depth': None, 'min_samples_leaf': 1, 'min_samples_split': 5, 'n_estimators': 200}",0.8444100246234104,0.007321768161210149
278,"{'bootstrap': True, 'max_depth': None, 'min_samples_leaf': 1, 'min_samples_split': 5, 'n_estimators': 400}",0.8455504786014498,0.005590136099924462
279,"{'bootstrap': True, 'max_depth': None, 'min_samples_leaf': 1, 'min_samples_split': 5, 'n_estimators': 600}",0.846263765640673,0.005521633821871148
280,"{'bootstrap': True, 'max_depth': None, 'min_samples_leaf': 1, 'min_samples_split': 5, 'n_estimators': 800}",0.8459782556044461,0.004728382989212265
281,"{'bootstrap': True, 'max_depth': None, 'min_samples_leaf': 1, 'min_samples_split': 5, 'n_estimators': 1000}",0.8464062766331143,0.005272011506863895
282,"{'bootstrap': True, 'max_depth': None, 'min_samples_leaf': 1, 'min_samples_split': 10, 'n_estimators': 100}",0.8421278965389717,0.0018385066218530731
283,"{'bootstrap': True, 'max_depth': None, 'min_samples_leaf': 1, 'min_samples_split': 10, 'n_estimators': 200}",0.8454078455961724,0.004718450924347282
284,"{'bootstrap': True, 'max_depth': None, 'min_samples_leaf': 1, 'min_samples_split': 10, 'n_estimators': 400}",0.8438391875702108,0.004026976478750511
285,"{'bootstrap': True, 'max_depth': None, 'min_samples_leaf': 1, 'min_samples_split': 10, 'n_estimators': 600}",0.8454077235833365,0.005119306713977431
286,"{'bootstrap': True, 'max_depth': None, 'min_samples_leaf': 1, 'min_samples_split': 10, 'n_estimators': 800}",0.8438393095830468,0.0047972557413217985
287,"{'bootstrap': True, 'max_depth': None, 'min_samples_leaf': 1, 'min_samples_split': 10, 'n_estimators': 1000}",0.8446947415762033,0.004728401254189737
288,"{'bootstrap': True, 'max_depth': None, 'min_samples_leaf': 2, 'min_samples_split': 2, 'n_estimators': 100}",0.8428408175396868,0.004718465434578833
289,"{'bootstrap': True, 'max_depth': None, 'min_samples_leaf': 2, 'min_samples_split': 2, 'n_estimators': 200}",0.8435539825660738,0.005951050858869806
290,"{'bootstrap': True, 'max_depth': None, 'min_samples_leaf': 2, 'min_samples_split': 2, 'n_estimators': 400}",0.846263399602165,0.0044289428186391295
291,"{'bootstrap': True, 'max_depth': None, 'min_samples_leaf': 2, 'min_samples_split': 2, 'n_estimators': 600}",0.844267208598879,0.008121659040547353
292,"{'bootstrap': True, 'max_depth': None, 'min_samples_leaf': 2, 'min_samples_split': 2, 'n_estimators': 800}",0.8444096585849024,0.005602409139060497
293,"{'bootstrap': True, 'max_depth': None, 'min_samples_leaf': 2, 'min_samples_split': 2, 'n_estimators': 1000}",0.8452650905780589,0.003933424075119493
294,"{'bootstrap': True, 'max_depth': None, 'min_samples_leaf': 2, 'min_samples_split': 5, 'n_estimators': 100}",0.8411293434891937,0.0020583647647907932
295,"{'bootstrap': True, 'max_depth': None, 'min_samples_leaf': 2, 'min_samples_split': 5, 'n_estimators': 200}",0.8456934166388174,0.004809587480836146
296,"{'bootstrap': True, 'max_depth': None, 'min_samples_leaf': 2, 'min_samples_split': 5, 'n_estimators': 400}",0.8434111665415425,0.00458630377198887
297,"{'bootstrap': True, 'max_depth': None, 'min_samples_leaf': 2, 'min_samples_split': 5, 'n_estimators': 600}",0.8448375576007346,0.007193941503539355
298,"{'bootstrap': True, 'max_depth': None, 'min_samples_leaf': 2, 'min_samples_split': 5, 'n_estimators': 800}",0.8456932336195632,0.005457226312999303
299,"{'bootstrap': True, 'max_depth': None, 'min_samples_leaf': 2, 'min_samples_split': 5, 'n_estimators': 1000}",0.8455507226271218,0.005712985067548499
300,"{'bootstrap': True, 'max_depth': None, 'min_samples_leaf': 2, 'min_samples_split': 10, 'n_estimators': 100}",0.8468343586682007,0.005536005129347023
301,"{'bootstrap': True, 'max_depth': None, 'min_samples_leaf': 2, 'min_samples_split': 10, 'n_estimators': 200}",0.8434115935864686,0.00527797990411106
302,"{'bootstrap': True, 'max_depth': None, 'min_samples_leaf': 2, 'min_samples_split': 10, 'n_estimators': 400}",0.846263948659927,0.005604201703276558
303,"{'bootstrap': True, 'max_depth': None, 'min_samples_leaf': 2, 'min_samples_split': 10, 'n_estimators': 600}",0.8445522915901799,0.005435959930678846
304,"{'bootstrap': True, 'max_depth': None, 'min_samples_leaf': 2, 'min_samples_split': 10, 'n_estimators': 800}",0.8449800685931761,0.004545110250929854
305,"{'bootstrap': True, 'max_depth': None, 'min_samples_leaf': 2, 'min_samples_split': 10, 'n_estimators': 1000}",0.8445525966222699,0.005278808586265496
306,"{'bootstrap': True, 'max_depth': None, 'min_samples_leaf': 4, 'min_samples_split': 2, 'n_estimators': 100}",0.8435539825660738,0.0049054008117931334
307,"{'bootstrap': True, 'max_depth': None, 'min_samples_leaf': 4, 'min_samples_split': 2, 'n_estimators': 200}",0.8412720375008892,0.005774434495995119
308,"{'bootstrap': True, 'max_depth': None, 'min_samples_leaf': 4, 'min_samples_split': 2, 'n_estimators': 400}",0.8416998145038854,0.0045863516826667745
309,"{'bootstrap': True, 'max_depth': None, 'min_samples_leaf': 4, 'min_samples_split': 2, 'n_estimators': 600}",0.8422703465249951,0.004896861636689519
310,"{'bootstrap': True, 'max_depth': None, 'min_samples_leaf': 4, 'min_samples_split': 2, 'n_estimators': 800}",0.8451227015984535,0.005073238948823459
311,"{'bootstrap': True, 'max_depth': None, 'min_samples_leaf': 4, 'min_samples_split': 2, 'n_estimators': 1000}",0.8428411225717768,0.005757844699264865
312,"{'bootstrap': True, 'max_depth': None, 'min_samples_leaf': 4, 'min_samples_split': 5, 'n_estimators': 100}",0.8392757244847672,0.004987691768327573
313,"{'bootstrap': True, 'max_depth': None, 'min_samples_leaf': 4, 'min_samples_split': 5, 'n_estimators': 200}",0.8425557955548039,0.004797208486972296
314,"{'bootstrap': True, 'max_depth': None, 'min_samples_leaf': 4, 'min_samples_split': 5, 'n_estimators': 400}",0.8424133455687804,0.004355826894081107
315,"{'bootstrap': True, 'max_depth': None, 'min_samples_leaf': 4, 'min_samples_split': 5, 'n_estimators': 600}",0.843554043572492,0.005457172998037916
316,"{'bootstrap': True, 'max_depth': None, 'min_samples_leaf': 4, 'min_samples_split': 5, 'n_estimators': 800}",0.843268899574773,0.005864573272257864
317,"{'bootstrap': True, 'max_depth': None, 'min_samples_leaf': 4, 'min_samples_split': 5, 'n_estimators': 1000}",0.843268838568355,0.005297668207284622
318,"{'bootstrap': True, 'max_depth': None, 'min_samples_leaf': 4, 'min_samples_split': 10, 'n_estimators': 100}",0.8428408785461049,0.0028001876055456293
319,"{'bootstrap': True, 'max_depth': None, 'min_samples_leaf': 4, 'min_samples_split': 10, 'n_estimators': 200}",0.8435543486045819,0.006989062711587417
320,"{'bootstrap': True, 'max_depth': None, 'min_samples_leaf': 4, 'min_samples_split': 10, 'n_estimators': 400}",0.8434114715736326,0.005485734602194226
321,"{'bootstrap': True, 'max_depth': None, 'min_samples_leaf': 4, 'min_samples_split': 10, 'n_estimators': 600}",0.8429836335642182,0.0051411264956217955
322,"{'bootstrap': True, 'max_depth': None, 'min_samples_leaf': 4, 'min_samples_split': 10, 'n_estimators': 800}",0.8426984285600815,0.005330882016034717
323,"{'bootstrap': True, 'max_depth': None, 'min_samples_leaf': 4, 'min_samples_split': 10, 'n_estimators': 1000}",0.8434117766057225,0.006727037099225757
324,"{'bootstrap': False, 'max_depth': 20, 'min_samples_leaf': 1, 'min_samples_split': 2, 'n_estimators': 100}",0.8482604446953029,0.005140965495377665
325,"{'bootstrap': False, 'max_depth': 20, 'min_samples_leaf': 1, 'min_samples_split': 2, 'n_estimators': 200}",0.8448377406199886,0.004809530721924052
326,"{'bootstrap': False, 'max_depth': 20, 'min_samples_leaf': 1, 'min_samples_split': 2, 'n_estimators': 400}",0.8456934166388171,0.0035200011024339554
327,"{'bootstrap': False, 'max_depth': 20, 'min_samples_leaf': 1, 'min_samples_split': 2, 'n_estimators': 600}",0.8465489096383917,0.005110733855407497
328,"{'bootstrap': False, 'max_depth': 20, 'min_samples_leaf': 1, 'min_samples_split': 2, 'n_estimators': 800}",0.8459782556044461,0.006123207598420665
329,"{'bootstrap': False, 'max_depth': 20, 'min_samples_leaf': 1, 'min_samples_split': 2, 'n_estimators': 1000}",0.847689485629267,0.00549602430900217
330,"{'bootstrap': False, 'max_depth': 20, 'min_samples_leaf': 1, 'min_samples_split': 5, 'n_estimators': 100}",0.846263521615001,0.005067697195501536
331,"{'bootstrap': False, 'max_depth': 20, 'min_samples_leaf': 1, 'min_samples_split': 5, 'n_estimators': 200}",0.8468340536361106,0.0043756631877376545
332,"{'bootstrap': False, 'max_depth': 20, 'min_samples_leaf': 1, 'min_samples_split': 5, 'n_estimators': 400}",0.8465493366833178,0.006563032932315333
333,"{'bootstrap': False, 'max_depth': 20, 'min_samples_leaf': 1, 'min_samples_split': 5, 'n_estimators': 600}",0.8451230676369615,0.006791819295977172
334,"{'bootstrap': False, 'max_depth': 20, 'min_samples_leaf': 1, 'min_samples_split': 5, 'n_estimators': 800}",0.8465487266191379,0.005245830544087374
335,"{'bootstrap': False, 'max_depth': 20, 'min_samples_leaf': 1, 'min_samples_split': 5, 'n_estimators': 1000}",0.846263399602165,0.004084846803341762
336,"{'bootstrap': False, 'max_depth': 20, 'min_samples_leaf': 1, 'min_samples_split': 10, 'n_estimators': 100}",0.8472621966776149,0.0048797559474196076
337,"{'bootstrap': False, 'max_depth': 20, 'min_samples_leaf': 1, 'min_samples_split': 10, 'n_estimators': 200}",0.8491163647398032,0.00688102964405264
338,"{'bootstrap': False, 'max_depth': 20, 'min_samples_leaf': 1, 'min_samples_split': 10, 'n_estimators': 400}",0.8474041586122943,0.005435535740703438
339,"{'bootstrap': False, 'max_depth': 20, 'min_samples_leaf': 1, 'min_samples_split': 10, 'n_estimators': 600}",0.8461207055904696,0.004852449975146566
340,"{'bootstrap': False, 'max_depth': 20, 'min_samples_leaf': 1, 'min_samples_split': 10, 'n_estimators': 800}",0.8472618916455249,0.005771136841559794
341,"{'bootstrap': False, 'max_depth': 20, 'min_samples_leaf': 1, 'min_samples_split': 10, 'n_estimators': 1000}",0.8464064596523683,0.005278149381372998
342,"{'bootstrap': False, 'max_depth': 20, 'min_samples_leaf': 2, 'min_samples_split': 2, 'n_estimators': 100}",0.8431262665694956,0.004304788371716219
343,"{'bootstrap': False, 'max_depth': 20, 'min_samples_leaf': 2, 'min_samples_split': 2, 'n_estimators': 200}",0.8449804956381022,0.006856436012085098
344,"{'bootstrap': False, 'max_depth': 20, 'min_samples_leaf': 2, 'min_samples_split': 2, 'n_estimators': 400}",0.846263521615001,0.006115537523497702
345,"{'bootstrap': False, 'max_depth': 20, 'min_samples_leaf': 2, 'min_samples_split': 2, 'n_estimators': 600}",0.8464063376395323,0.005830988241708474
346,"{'bootstrap': False, 'max_depth': 20, 'min_samples_leaf': 2, 'min_samples_split': 2, 'n_estimators': 800}",0.8456930506003092,0.00629311193845978
347,"{'bootstrap': False, 'max_depth': 20, 'min_samples_leaf': 2, 'min_samples_split': 2, 'n_estimators': 1000}",0.8465489096383917,0.006498629586522653
348,"{'bootstrap': False, 'max_depth': 20, 'min_samples_leaf': 2, 'min_samples_split': 5, 'n_estimators': 100}",0.8449805566445202,0.004349251664578052
349,"{'bootstrap': False, 'max_depth': 20, 'min_samples_leaf': 2, 'min_samples_split': 5, 'n_estimators': 200}",0.8438391875702108,0.0054221365197148685
350,"{'bootstrap': False, 'max_depth': 20, 'min_samples_leaf': 2, 'min_samples_split': 5, 'n_estimators': 400}",0.845265578629403,0.0061465164250205625
351,"{'bootstrap': False, 'max_depth': 20, 'min_samples_leaf': 2, 'min_samples_split': 5, 'n_estimators': 600}",0.845265517622985,0.006246574754584697
352,"{'bootstrap': False, 'max_depth': 20, 'min_samples_leaf': 2, 'min_samples_split': 5, 'n_estimators': 800}",0.8461210716289775,0.005804094839115458
353,"{'bootstrap': False, 'max_depth': 20, 'min_samples_leaf': 2, 'min_samples_split': 5, 'n_estimators': 1000}",0.8462634606085829,0.0059552856037539265
354,"{'bootstrap': False, 'max_depth': 20, 'min_samples_leaf': 2, 'min_samples_split': 10, 'n_estimators': 100}",0.8466912376115792,0.0033998697594320192
355,"{'bootstrap': False, 'max_depth': 20, 'min_samples_leaf': 2, 'min_samples_split': 10, 'n_estimators': 200}",0.8474044636443843,0.005066466581055444
356,"{'bootstrap': False, 'max_depth': 20, 'min_samples_leaf': 2, 'min_samples_split': 10, 'n_estimators': 400}",0.845265395610149,0.004764601767376427
357,"{'bootstrap': False, 'max_depth': 20, 'min_samples_leaf': 2, 'min_samples_split': 10, 'n_estimators': 600}",0.8458356225991687,0.0063037907763808035
358,"{'bootstrap': False, 'max_depth': 20, 'min_samples_leaf': 2, 'min_samples_split': 10, 'n_estimators': 800}",0.8458360496440945,0.005670853159721399
359,"{'bootstrap': False, 'max_depth': 20, 'min_samples_leaf': 2, 'min_samples_split': 10, 'n_estimators': 1000}",0.8468340536361106,0.0050732574123072355
360,"{'bootstrap': False, 'max_depth': 20, 'min_samples_leaf': 4, 'min_samples_split': 2, 'n_estimators': 100}",0.8449804346316842,0.005278841032914791
361,"{'bootstrap': False, 'max_depth': 20, 'min_samples_leaf': 4, 'min_samples_split': 2, 'n_estimators': 200}",0.8434116545928866,0.0036149030520299377
362,"{'bootstrap': False, 'max_depth': 20, 'min_samples_leaf': 4, 'min_samples_split': 2, 'n_estimators': 400}",0.844980190606012,0.0052977187050657635
363,"{'bootstrap': False, 'max_depth': 20, 'min_samples_leaf': 4, 'min_samples_split': 2, 'n_estimators': 600}",0.8446947415762033,0.0029884148728504052
364,"{'bootstrap': False, 'max_depth': 20, 'min_samples_leaf': 4, 'min_samples_split': 2, 'n_estimators': 800}",0.8449802516124301,0.005179375511199104
365,"{'bootstrap': False, 'max_depth': 20, 'min_samples_leaf': 4, 'min_samples_split': 2, 'n_estimators': 1000}",0.8455504786014498,0.00524076380077439
366,"{'bootstrap': False, 'max_depth': 20, 'min_samples_leaf': 4, 'min_samples_split': 5, 'n_estimators': 100}",0.8436963715456794,0.00546532353748677
367,"{'bootstrap': False, 'max_depth': 20, 'min_samples_leaf': 4, 'min_samples_split': 5, 'n_estimators': 200}",0.8456934166388171,0.006824120486029222
368,"{'bootstrap': False, 'max_depth': 20, 'min_samples_leaf': 4, 'min_samples_split': 5, 'n_estimators': 400}",0.8445522915901797,0.005784093862765733
369,"{'bootstrap': False, 'max_depth': 20, 'min_samples_leaf': 4, 'min_samples_split': 5, 'n_estimators': 600}",0.8446949856018753,0.004112263697427973
370,"{'bootstrap': False, 'max_depth': 20, 'min_samples_leaf': 4, 'min_samples_split': 5, 'n_estimators': 800}",0.8455505396078679,0.006120134359673823
371,"{'bootstrap': False, 'max_depth': 20, 'min_samples_leaf': 4, 'min_samples_split': 5, 'n_estimators': 1000}",0.8445522305837619,0.005592643089629237
372,"{'bootstrap': False, 'max_depth': 20, 'min_samples_leaf': 4, 'min_samples_split': 10, 'n_estimators': 100}",0.8444094755656485,0.0033620153884905773
373,"{'bootstrap': False, 'max_depth': 20, 'min_samples_leaf': 4, 'min_samples_split': 10, 'n_estimators': 200}",0.84355410457891,0.0056747384533320745
374,"{'bootstrap': False, 'max_depth': 20, 'min_samples_leaf': 4, 'min_samples_split': 10, 'n_estimators': 400}",0.8449800075867581,0.00402001861337587
375,"{'bootstrap': False, 'max_depth': 20, 'min_samples_leaf': 4, 'min_samples_split': 10, 'n_estimators': 600}",0.8448376186071527,0.004987911334654782
376,"{'bootstrap': False, 'max_depth': 20, 'min_samples_leaf': 4, 'min_samples_split': 10, 'n_estimators': 800}",0.8438393095830468,0.005485748378053823
377,"{'bootstrap': False, 'max_depth': 20, 'min_samples_leaf': 4, 'min_samples_split': 10, 'n_estimators': 1000}",0.8454080896218444,0.0062084105062736265
378,"{'bootstrap': False, 'max_depth': 40, 'min_samples_leaf': 1, 'min_samples_split': 2, 'n_estimators': 100}",0.846263765640673,0.003823608791592772
379,"{'bootstrap': False, 'max_depth': 40, 'min_samples_leaf': 1, 'min_samples_split': 2, 'n_estimators': 200}",0.8478321186345447,0.004275330846600481
380,"{'bootstrap': False, 'max_depth': 40, 'min_samples_leaf': 1, 'min_samples_split': 2, 'n_estimators': 400}",0.8471193196466654,0.004045630389297079
381,"{'bootstrap': False, 'max_depth': 40, 'min_samples_leaf': 1, 'min_samples_split': 2, 'n_estimators': 600}",0.8461210106225595,0.006299814923120849
382,"{'bootstrap': False, 'max_depth': 40, 'min_samples_leaf': 1, 'min_samples_split': 2, 'n_estimators': 800}",0.8464059716010244,0.005496068496676486
383,"{'bootstrap': False, 'max_depth': 40, 'min_samples_leaf': 1, 'min_samples_split': 2, 'n_estimators': 1000}",0.8468338706168567,0.006320869091202249
384,"{'bootstrap': False, 'max_depth': 40, 'min_samples_leaf': 1, 'min_samples_split': 5, 'n_estimators': 100}",0.8478325456794705,0.00455096301939517
385,"{'bootstrap': False, 'max_depth': 40, 'min_samples_leaf': 1, 'min_samples_split': 5, 'n_estimators': 200}",0.846976198590044,0.005626415956870081
386,"{'bootstrap': False, 'max_depth': 40, 'min_samples_leaf': 1, 'min_samples_split': 5, 'n_estimators': 400}",0.8478323016537986,0.005066467774766411
387,"{'bootstrap': False, 'max_depth': 40, 'min_samples_leaf': 1, 'min_samples_split': 5, 'n_estimators': 600}",0.8465488486319739,0.004557153750987418
388,"{'bootstrap': False, 'max_depth': 40, 'min_samples_leaf': 1, 'min_samples_split': 5, 'n_estimators': 800}",0.8461208886097235,0.0045478715583325766
389,"{'bootstrap': False, 'max_depth': 40, 'min_samples_leaf': 1, 'min_samples_split': 5, 'n_estimators': 1000}",0.8468339926296927,0.006288881349751315
390,"{'bootstrap': False, 'max_depth': 40, 'min_samples_leaf': 1, 'min_samples_split': 10, 'n_estimators': 100}",0.8452657006422389,0.004728677633531125
391,"{'bootstrap': False, 'max_depth': 40, 'min_samples_leaf': 1, 'min_samples_split': 10, 'n_estimators': 200}",0.8478325456794705,0.007619919174436648
392,"{'bootstrap': False, 'max_depth': 40, 'min_samples_leaf': 1, 'min_samples_split': 10, 'n_estimators': 400}",0.8488307326907405,0.004952488454000088
393,"{'bootstrap': False, 'max_depth': 40, 'min_samples_leaf': 1, 'min_samples_split': 10, 'n_estimators': 600}",0.8472618916455249,0.005771136841559794
394,"{'bootstrap': False, 'max_depth': 40, 'min_samples_leaf': 1, 'min_samples_split': 10, 'n_estimators': 800}",0.8455506006142858,0.005967082215017253
395,"{'bootstrap': False, 'max_depth': 40, 'min_samples_leaf': 1, 'min_samples_split': 10, 'n_estimators': 1000}",0.8455506616207038,0.005830962307198162
396,"{'bootstrap': False, 'max_depth': 40, 'min_samples_leaf': 2, 'min_samples_split': 2, 'n_estimators': 100}",0.8458355615927506,0.0040848623661420445
397,"{'bootstrap': False, 'max_depth': 40, 'min_samples_leaf': 2, 'min_samples_split': 2, 'n_estimators': 200}",0.844267452624551,0.006078933237334896
398,"{'bootstrap': False, 'max_depth': 40, 'min_samples_leaf': 2, 'min_samples_split': 2, 'n_estimators': 400}",0.8468340536361106,0.00577113278064824
399,"{'bootstrap': False, 'max_depth': 40, 'min_samples_leaf': 2, 'min_samples_split': 2, 'n_estimators': 600}",0.8472617696326888,0.005425606483922415
400,"{'bootstrap': False, 'max_depth': 40, 'min_samples_leaf': 2, 'min_samples_split': 2, 'n_estimators': 800}",0.8448375576007346,0.006498593758139838
401,"{'bootstrap': False, 'max_depth': 40, 'min_samples_leaf': 2, 'min_samples_split': 2, 'n_estimators': 1000}",0.8462638876535089,0.006341542316413396
402,"{'bootstrap': False, 'max_depth': 40, 'min_samples_leaf': 2, 'min_samples_split': 5, 'n_estimators': 100}",0.8441240875422577,0.006601382841719282
403,"{'bootstrap': False, 'max_depth': 40, 'min_samples_leaf': 2, 'min_samples_split': 5, 'n_estimators': 200}",0.8451227626048716,0.007359338150897746
404,"{'bootstrap': False, 'max_depth': 40, 'min_samples_leaf': 2, 'min_samples_split': 5, 'n_estimators': 400}",0.8478324846730526,0.0070556154327126655
405,"{'bootstrap': False, 'max_depth': 40, 'min_samples_leaf': 2, 'min_samples_split': 5, 'n_estimators': 600}",0.8456929285874732,0.006690836362762755
406,"{'bootstrap': False, 'max_depth': 40, 'min_samples_leaf': 2, 'min_samples_split': 5, 'n_estimators': 800}",0.8466914816372513,0.0061324025832022845
407,"{'bootstrap': False, 'max_depth': 40, 'min_samples_leaf': 2, 'min_samples_split': 5, 'n_estimators': 1000}",0.845978499630118,0.006176607821424506
408,"{'bootstrap': False, 'max_depth': 40, 'min_samples_leaf': 2, 'min_samples_split': 10, 'n_estimators': 100}",0.8455506616207038,0.005485803494715065
409,"{'bootstrap': False, 'max_depth': 40, 'min_samples_leaf': 2, 'min_samples_split': 10, 'n_estimators': 200}",0.8456932336195632,0.006498611670065119
410,"{'bootstrap': False, 'max_depth': 40, 'min_samples_leaf': 2, 'min_samples_split': 10, 'n_estimators': 400}",0.8461213766610675,0.006329342658495061
411,"{'bootstrap': False, 'max_depth': 40, 'min_samples_leaf': 2, 'min_samples_split': 10, 'n_estimators': 600}",0.8472618916455249,0.006120149669712299
412,"{'bootstrap': False, 'max_depth': 40, 'min_samples_leaf': 2, 'min_samples_split': 10, 'n_estimators': 800}",0.8462637046342549,0.005989857077396889
413,"{'bootstrap': False, 'max_depth': 40, 'min_samples_leaf': 2, 'min_samples_split': 10, 'n_estimators': 1000}",0.8464061546202784,0.00628888177407453
414,"{'bootstrap': False, 'max_depth': 40, 'min_samples_leaf': 4, 'min_samples_split': 2, 'n_estimators': 100}",0.8465488486319738,0.001786136558642042
415,"{'bootstrap': False, 'max_depth': 40, 'min_samples_leaf': 4, 'min_samples_split': 2, 'n_estimators': 200}",0.8454077845897544,0.004910552650688732
416,"{'bootstrap': False, 'max_depth': 40, 'min_samples_leaf': 4, 'min_samples_split': 2, 'n_estimators': 400}",0.8444097805977385,0.006019230856882848
417,"{'bootstrap': False, 'max_depth': 40, 'min_samples_leaf': 4, 'min_samples_split': 2, 'n_estimators': 600}",0.845265395610149,0.005804074781280856
418,"{'bootstrap': False, 'max_depth': 40, 'min_samples_leaf': 4, 'min_samples_split': 2, 'n_estimators': 800}",0.8454079066025905,0.004894263256317637
419,"{'bootstrap': False, 'max_depth': 40, 'min_samples_leaf': 4, 'min_samples_split': 2, 'n_estimators': 1000}",0.8454080286154264,0.004952380333361529
420,"{'bootstrap': False, 'max_depth': 40, 'min_samples_leaf': 4, 'min_samples_split': 5, 'n_estimators': 100}",0.8445522915901799,0.007177838706600505
421,"{'bootstrap': False, 'max_depth': 40, 'min_samples_leaf': 4, 'min_samples_split': 5, 'n_estimators': 200}",0.8455499295436878,0.005765929949809459
422,"{'bootstrap': False, 'max_depth': 40, 'min_samples_leaf': 4, 'min_samples_split': 5, 'n_estimators': 400}",0.8451227626048715,0.003196316905315491
423,"{'bootstrap': False, 'max_depth': 40, 'min_samples_leaf': 4, 'min_samples_split': 5, 'n_estimators': 600}",0.843268716555519,0.0052434294343685255
424,"{'bootstrap': False, 'max_depth': 40, 'min_samples_leaf': 4, 'min_samples_split': 5, 'n_estimators': 800}",0.8454079676090084,0.00578410796977609
425,"{'bootstrap': False, 'max_depth': 40, 'min_samples_leaf': 4, 'min_samples_split': 5, 'n_estimators': 1000}",0.8456928675810552,0.005192714970693632
426,"{'bootstrap': False, 'max_depth': 40, 'min_samples_leaf': 4, 'min_samples_split': 10, 'n_estimators': 100}",0.844552047564508,0.003741797840160876
427,"{'bootstrap': False, 'max_depth': 40, 'min_samples_leaf': 4, 'min_samples_split': 10, 'n_estimators': 200}",0.8445521695773439,0.004020021449138219
428,"{'bootstrap': False, 'max_depth': 40, 'min_samples_leaf': 4, 'min_samples_split': 10, 'n_estimators': 400}",0.8446949856018753,0.005485775933739891
429,"{'bootstrap': False, 'max_depth': 40, 'min_samples_leaf': 4, 'min_samples_split': 10, 'n_estimators': 600}",0.8459784386237001,0.005272002114174346
430,"{'bootstrap': False, 'max_depth': 40, 'min_samples_leaf': 4, 'min_samples_split': 10, 'n_estimators': 800}",0.8452651515844769,0.00578954237515568
431,"{'bootstrap': False, 'max_depth': 40, 'min_samples_leaf': 4, 'min_samples_split': 10, 'n_estimators': 1000}",0.8439818815819061,0.005804044704017466
432,"{'bootstrap': False, 'max_depth': 60, 'min_samples_leaf': 1, 'min_samples_split': 2, 'n_estimators': 100}",0.8455504175950318,0.0033358176056885536
433,"{'bootstrap': False, 'max_depth': 60, 'min_samples_leaf': 1, 'min_samples_split': 2, 'n_estimators': 200}",0.8478324236666346,0.006151275825815137
434,"{'bootstrap': False, 'max_depth': 60, 'min_samples_leaf': 1, 'min_samples_split': 2, 'n_estimators': 400}",0.8451225795856177,0.006123217000110085
435,"{'bootstrap': False, 'max_depth': 60, 'min_samples_leaf': 1, 'min_samples_split': 2, 'n_estimators': 600}",0.8471191366274115,0.004910522127828486
436,"{'bootstrap': False, 'max_depth': 60, 'min_samples_leaf': 1, 'min_samples_split': 2, 'n_estimators': 800}",0.8475470966496618,0.005592661513367756
437,"{'bootstrap': False, 'max_depth': 60, 'min_samples_leaf': 1, 'min_samples_split': 2, 'n_estimators': 1000}",0.8458358056184226,0.004392771492506589
438,"{'bootstrap': False, 'max_depth': 60, 'min_samples_leaf': 1, 'min_samples_split': 5, 'n_estimators': 100}",0.8465489096383919,0.006151247424451618
439,"{'bootstrap': False, 'max_depth': 60, 'min_samples_leaf': 1, 'min_samples_split': 5, 'n_estimators': 200}",0.8444094145592306,0.004962559068655561
440,"{'bootstrap': False, 'max_depth': 60, 'min_samples_leaf': 1, 'min_samples_split': 5, 'n_estimators': 400}",0.8474043416315483,0.005789502502507235
441,"{'bootstrap': False, 'max_depth': 60, 'min_samples_leaf': 1, 'min_samples_split': 5, 'n_estimators': 600}",0.8474047076700564,0.005564576113683621
442,"{'bootstrap': False, 'max_depth': 60, 'min_samples_leaf': 1, 'min_samples_split': 5, 'n_estimators': 800}",0.8461210716289775,0.005457236980020976
443,"{'bootstrap': False, 'max_depth': 60, 'min_samples_leaf': 1, 'min_samples_split': 5, 'n_estimators': 1000}",0.8455503565886139,0.00632089513357086
444,"{'bootstrap': False, 'max_depth': 60, 'min_samples_leaf': 1, 'min_samples_split': 10, 'n_estimators': 100}",0.8455502345757778,0.004708426122229303
445,"{'bootstrap': False, 'max_depth': 60, 'min_samples_leaf': 1, 'min_samples_split': 10, 'n_estimators': 200}",0.8454078455961724,0.0043692205198566465
446,"{'bootstrap': False, 'max_depth': 60, 'min_samples_leaf': 1, 'min_samples_split': 10, 'n_estimators': 400}",0.8474045856572202,0.006498647507512407
447,"{'bootstrap': False, 'max_depth': 60, 'min_samples_leaf': 1, 'min_samples_split': 10, 'n_estimators': 600}",0.8469767476478061,0.006498638546451003
448,"{'bootstrap': False, 'max_depth': 60, 'min_samples_leaf': 1, 'min_samples_split': 10, 'n_estimators': 800}",0.8481175066579354,0.004891389059164078
449,"{'bootstrap': False, 'max_depth': 60, 'min_samples_leaf': 1, 'min_samples_split': 10, 'n_estimators': 1000}",0.8464062156266964,0.005073252794241809
450,"{'bootstrap': False, 'max_depth': 60, 'min_samples_leaf': 2, 'min_samples_split': 2, 'n_estimators': 100}",0.8474047076700564,0.005564576113683621
451,"{'bootstrap': False, 'max_depth': 60, 'min_samples_leaf': 2, 'min_samples_split': 2, 'n_estimators': 200}",0.8471191976338295,0.004718441282385744
452,"{'bootstrap': False, 'max_depth': 60, 'min_samples_leaf': 2, 'min_samples_split': 2, 'n_estimators': 400}",0.8466915426436691,0.007030486587990877
453,"{'bootstrap': False, 'max_depth': 60, 'min_samples_leaf': 2, 'min_samples_split': 2, 'n_estimators': 600}",0.8454080286154264,0.005643578091625496
454,"{'bootstrap': False, 'max_depth': 60, 'min_samples_leaf': 2, 'min_samples_split': 2, 'n_estimators': 800}",0.8466914206308331,0.005941881043959578
455,"{'bootstrap': False, 'max_depth': 60, 'min_samples_leaf': 2, 'min_samples_split': 2, 'n_estimators': 1000}",0.846263582621419,0.006989645262807768
456,"{'bootstrap': False, 'max_depth': 60, 'min_samples_leaf': 2, 'min_samples_split': 5, 'n_estimators': 100}",0.8444099636169925,0.0050790898253389935
457,"{'bootstrap': False, 'max_depth': 60, 'min_samples_leaf': 2, 'min_samples_split': 5, 'n_estimators': 200}",0.8458358056184226,0.004392771492506589
458,"{'bootstrap': False, 'max_depth': 60, 'min_samples_leaf': 2, 'min_samples_split': 5, 'n_estimators': 400}",0.847262013658361,0.007215701841550585
459,"{'bootstrap': False, 'max_depth': 60, 'min_samples_leaf': 2, 'min_samples_split': 5, 'n_estimators': 600}",0.8449800075867581,0.00506770393520581
460,"{'bootstrap': False, 'max_depth': 60, 'min_samples_leaf': 2, 'min_samples_split': 5, 'n_estimators': 800}",0.8459784386237,0.005619432595202978
461,"{'bootstrap': False, 'max_depth': 60, 'min_samples_leaf': 2, 'min_samples_split': 5, 'n_estimators': 1000}",0.8466914816372513,0.004740284362966136
462,"{'bootstrap': False, 'max_depth': 60, 'min_samples_leaf': 2, 'min_samples_split': 10, 'n_estimators': 100}",0.8468344806810366,0.0064018785426346505
463,"{'bootstrap': False, 'max_depth': 60, 'min_samples_leaf': 2, 'min_samples_split': 10, 'n_estimators': 200}",0.8468342366553646,0.00435517205159581
464,"{'bootstrap': False, 'max_depth': 60, 'min_samples_leaf': 2, 'min_samples_split': 10, 'n_estimators': 400}",0.8445523525965979,0.0049523533178634635
465,"{'bootstrap': False, 'max_depth': 60, 'min_samples_leaf': 2, 'min_samples_split': 10, 'n_estimators': 600}",0.8461211326353956,0.00567482757491642
466,"{'bootstrap': False, 'max_depth': 60, 'min_samples_leaf': 2, 'min_samples_split': 10, 'n_estimators': 800}",0.8466912986179972,0.007349778129525718
467,"{'bootstrap': False, 'max_depth': 60, 'min_samples_leaf': 2, 'min_samples_split': 10, 'n_estimators': 1000}",0.8461208886097236,0.005943983607910429
468,"{'bootstrap': False, 'max_depth': 60, 'min_samples_leaf': 4, 'min_samples_split': 2, 'n_estimators': 100}",0.8441242705615116,0.005258672705807813
469,"{'bootstrap': False, 'max_depth': 60, 'min_samples_leaf': 4, 'min_samples_split': 2, 'n_estimators': 200}",0.8449800685931761,0.004894260251826807
470,"{'bootstrap': False, 'max_depth': 60, 'min_samples_leaf': 4, 'min_samples_split': 2, 'n_estimators': 400}",0.8444100856298284,0.006601451064272829
471,"{'bootstrap': False, 'max_depth': 60, 'min_samples_leaf': 4, 'min_samples_split': 2, 'n_estimators': 600}",0.8441245145871835,0.004607593015569322
472,"{'bootstrap': False, 'max_depth': 60, 'min_samples_leaf': 4, 'min_samples_split': 2, 'n_estimators': 800}",0.8454079066025905,0.004894263256317637
473,"{'bootstrap': False, 'max_depth': 60, 'min_samples_leaf': 4, 'min_samples_split': 2, 'n_estimators': 1000}",0.8449800685931761,0.005243440637830196
474,"{'bootstrap': False, 'max_depth': 60, 'min_samples_leaf': 4, 'min_samples_split': 5, 'n_estimators': 100}",0.8414146094997484,0.0016610964771831137
475,"{'bootstrap': False, 'max_depth': 60, 'min_samples_leaf': 4, 'min_samples_split': 5, 'n_estimators': 200}",0.8465490316512277,0.005225142511813754
476,"{'bootstrap': False, 'max_depth': 60, 'min_samples_leaf': 4, 'min_samples_split': 5, 'n_estimators': 400}",0.844266903566789,0.006123226406647539
477,"{'bootstrap': False, 'max_depth': 60, 'min_samples_leaf': 4, 'min_samples_split': 5, 'n_estimators': 600}",0.8446947415762033,0.0061232217027728025
478,"{'bootstrap': False, 'max_depth': 60, 'min_samples_leaf': 4, 'min_samples_split': 5, 'n_estimators': 800}",0.8449803736252662,0.00567080195231
479,"{'bootstrap': False, 'max_depth': 60, 'min_samples_leaf': 4, 'min_samples_split': 5, 'n_estimators': 1000}",0.8454079676090084,0.00578410796977609
480,"{'bootstrap': False, 'max_depth': 60, 'min_samples_leaf': 4, 'min_samples_split': 10, 'n_estimators': 100}",0.8449803126188481,0.00508232855892752
481,"{'bootstrap': False, 'max_depth': 60, 'min_samples_leaf': 4, 'min_samples_split': 10, 'n_estimators': 200}",0.8446951686211293,0.005535866128949737
482,"{'bootstrap': False, 'max_depth': 60, 'min_samples_leaf': 4, 'min_samples_split': 10, 'n_estimators': 400}",0.8442673306117149,0.006873598197894619
483,"{'bootstrap': False, 'max_depth': 60, 'min_samples_leaf': 4, 'min_samples_split': 10, 'n_estimators': 600}",0.8442671475924609,0.00514117059324161
484,"{'bootstrap': False, 'max_depth': 60, 'min_samples_leaf': 4, 'min_samples_split': 10, 'n_estimators': 800}",0.8441244535807656,0.004740232713088111
485,"{'bootstrap': False, 'max_depth': 60, 'min_samples_leaf': 4, 'min_samples_split': 10, 'n_estimators': 1000}",0.8449800685931761,0.005592645717602723
486,"{'bootstrap': False, 'max_depth': 80, 'min_samples_leaf': 1, 'min_samples_split': 2, 'n_estimators': 100}",0.8454075405640823,0.006162866502959374
487,"{'bootstrap': False, 'max_depth': 80, 'min_samples_leaf': 1, 'min_samples_split': 2, 'n_estimators': 200}",0.8448371305558088,0.005773262401368561
488,"{'bootstrap': False, 'max_depth': 80, 'min_samples_leaf': 1, 'min_samples_split': 2, 'n_estimators': 400}",0.8468341756489467,0.004454327096365022
489,"{'bootstrap': False, 'max_depth': 80, 'min_samples_leaf': 1, 'min_samples_split': 2, 'n_estimators': 600}",0.8484026506556543,0.005258601449870083
490,"{'bootstrap': False, 'max_depth': 80, 'min_samples_leaf': 1, 'min_samples_split': 2, 'n_estimators': 800}",0.8472619526519428,0.005967115411749294
491,"{'bootstrap': False, 'max_depth': 80, 'min_samples_leaf': 1, 'min_samples_split': 2, 'n_estimators': 1000}",0.8488305496714865,0.005766233731681136
492,"{'bootstrap': False, 'max_depth': 80, 'min_samples_leaf': 1, 'min_samples_split': 5, 'n_estimators': 100}",0.8468336875976026,0.004962675770510523
493,"{'bootstrap': False, 'max_depth': 80, 'min_samples_leaf': 1, 'min_samples_split': 5, 'n_estimators': 200}",0.8474040976058763,0.00839374263741997
494,"{'bootstrap': False, 'max_depth': 80, 'min_samples_leaf': 1, 'min_samples_split': 5, 'n_estimators': 400}",0.8459784386237,0.004578030555000396
495,"{'bootstrap': False, 'max_depth': 80, 'min_samples_leaf': 1, 'min_samples_split': 5, 'n_estimators': 600}",0.8472620746647789,0.006398393172040853
496,"{'bootstrap': False, 'max_depth': 80, 'min_samples_leaf': 1, 'min_samples_split': 5, 'n_estimators': 800}",0.8465486046063019,0.004962486242037548
497,"{'bootstrap': False, 'max_depth': 80, 'min_samples_leaf': 1, 'min_samples_split': 5, 'n_estimators': 1000}",0.8469768086542241,0.005331040131881094
498,"{'bootstrap': False, 'max_depth': 80, 'min_samples_leaf': 1, 'min_samples_split': 10, 'n_estimators': 100}",0.8459780725851921,0.004708403381671851
499,"{'bootstrap': False, 'max_depth': 80, 'min_samples_leaf': 1, 'min_samples_split': 10, 'n_estimators': 200}",0.8469763816092981,0.006907586862805304
500,"{'bootstrap': False, 'max_depth': 80, 'min_samples_leaf': 1, 'min_samples_split': 10, 'n_estimators': 400}",0.8456932336195634,0.005110711073450284
501,"{'bootstrap': False, 'max_depth': 80, 'min_samples_leaf': 1, 'min_samples_split': 10, 'n_estimators': 600}",0.846263399602165,0.0037417298690714373
502,"{'bootstrap': False, 'max_depth': 80, 'min_samples_leaf': 1, 'min_samples_split': 10, 'n_estimators': 800}",0.8475473406753338,0.0054195368099183225
503,"{'bootstrap': False, 'max_depth': 80, 'min_samples_leaf': 1, 'min_samples_split': 10, 'n_estimators': 1000}",0.8475469746368258,0.0073497679370954725
504,"{'bootstrap': False, 'max_depth': 80, 'min_samples_leaf': 2, 'min_samples_split': 2, 'n_estimators': 100}",0.8468338706168567,0.005626096603931731
505,"{'bootstrap': False, 'max_depth': 80, 'min_samples_leaf': 2, 'min_samples_split': 2, 'n_estimators': 200}",0.8475473406753338,0.0054195368099183225
506,"{'bootstrap': False, 'max_depth': 80, 'min_samples_leaf': 2, 'min_samples_split': 2, 'n_estimators': 400}",0.8452652735973128,0.005066460634534158
507,"{'bootstrap': False, 'max_depth': 80, 'min_samples_leaf': 2, 'min_samples_split': 2, 'n_estimators': 600}",0.8466914816372513,0.006480794941091023
508,"{'bootstrap': False, 'max_depth': 80, 'min_samples_leaf': 2, 'min_samples_split': 2, 'n_estimators': 800}",0.8472618306391069,0.004891390142663707
509,"{'bootstrap': False, 'max_depth': 80, 'min_samples_leaf': 2, 'min_samples_split': 2, 'n_estimators': 1000}",0.846263521615001,0.006115537523497702
510,"{'bootstrap': False, 'max_depth': 80, 'min_samples_leaf': 2, 'min_samples_split': 5, 'n_estimators': 100}",0.8432682285041752,0.007009078408927913
511,"{'bootstrap': False, 'max_depth': 80, 'min_samples_leaf': 2, 'min_samples_split': 5, 'n_estimators': 200}",0.8469767476478061,0.006498638546451003
512,"{'bootstrap': False, 'max_depth': 80, 'min_samples_leaf': 2, 'min_samples_split': 5, 'n_estimators': 400}",0.8472620136583608,0.006176644551626675
513,"{'bootstrap': False, 'max_depth': 80, 'min_samples_leaf': 2, 'min_samples_split': 5, 'n_estimators': 600}",0.8451228236112894,0.0065226162993453
514,"{'bootstrap': False, 'max_depth': 80, 'min_samples_leaf': 2, 'min_samples_split': 5, 'n_estimators': 800}",0.8478325456794705,0.007619919174436648
515,"{'bootstrap': False, 'max_depth': 80, 'min_samples_leaf': 2, 'min_samples_split': 5, 'n_estimators': 1000}",0.8472617086262709,0.005626086853760063
516,"{'bootstrap': False, 'max_depth': 80, 'min_samples_leaf': 2, 'min_samples_split': 10, 'n_estimators': 100}",0.8426989776178434,0.004168266152152239
517,"{'bootstrap': False, 'max_depth': 80, 'min_samples_leaf': 2, 'min_samples_split': 10, 'n_estimators': 200}",0.8459786216429541,0.004611625834082581
518,"{'bootstrap': False, 'max_depth': 80, 'min_samples_leaf': 2, 'min_samples_split': 10, 'n_estimators': 400}",0.8456929895938913,0.0054417485334379515
519,"{'bootstrap': False, 'max_depth': 80, 'min_samples_leaf': 2, 'min_samples_split': 10, 'n_estimators': 600}",0.8456931726131452,0.0052538713691457845
520,"{'bootstrap': False, 'max_depth': 80, 'min_samples_leaf': 2, 'min_samples_split': 10, 'n_estimators': 800}",0.8472618306391069,0.006288880926611635
521,"{'bootstrap': False, 'max_depth': 80, 'min_samples_leaf': 2, 'min_samples_split': 10, 'n_estimators': 1000}",0.8454080896218444,0.005179393466265577
522,"{'bootstrap': False, 'max_depth': 80, 'min_samples_leaf': 4, 'min_samples_split': 2, 'n_estimators': 100}",0.8428408785461049,0.006989628445225125
523,"{'bootstrap': False, 'max_depth': 80, 'min_samples_leaf': 4, 'min_samples_split': 2, 'n_estimators': 200}",0.8441248196192735,0.0052420910013786055
524,"{'bootstrap': False, 'max_depth': 80, 'min_samples_leaf': 4, 'min_samples_split': 2, 'n_estimators': 400}",0.8448374355878988,0.005765157773656724
525,"{'bootstrap': False, 'max_depth': 80, 'min_samples_leaf': 4, 'min_samples_split': 2, 'n_estimators': 600}",0.8446951686211293,0.004556154643901073
526,"{'bootstrap': False, 'max_depth': 80, 'min_samples_leaf': 4, 'min_samples_split': 2, 'n_estimators': 800}",0.8446947415762033,0.005425638307176235
527,"{'bootstrap': False, 'max_depth': 80, 'min_samples_leaf': 4, 'min_samples_split': 2, 'n_estimators': 1000}",0.8442673306117149,0.005535838332485303
528,"{'bootstrap': False, 'max_depth': 80, 'min_samples_leaf': 4, 'min_samples_split': 5, 'n_estimators': 100}",0.8431261445566597,0.004208979761706825
529,"{'bootstrap': False, 'max_depth': 80, 'min_samples_leaf': 4, 'min_samples_split': 5, 'n_estimators': 200}",0.845265029571641,0.006219544184155435
530,"{'bootstrap': False, 'max_depth': 80, 'min_samples_leaf': 4, 'min_samples_split': 5, 'n_estimators': 400}",0.845265578629403,0.005809605638297878
531,"{'bootstrap': False, 'max_depth': 80, 'min_samples_leaf': 4, 'min_samples_split': 5, 'n_estimators': 600}",0.8454077235833365,0.004773832838202802
532,"{'bootstrap': False, 'max_depth': 80, 'min_samples_leaf': 4, 'min_samples_split': 5, 'n_estimators': 800}",0.8444094755656484,0.005789558333138026
533,"{'bootstrap': False, 'max_depth': 80, 'min_samples_leaf': 4, 'min_samples_split': 5, 'n_estimators': 1000}",0.8445522305837617,0.005941868663853377
534,"{'bootstrap': False, 'max_depth': 80, 'min_samples_leaf': 4, 'min_samples_split': 10, 'n_estimators': 100}",0.8454078455961724,0.006814151309481074
535,"{'bootstrap': False, 'max_depth': 80, 'min_samples_leaf': 4, 'min_samples_split': 10, 'n_estimators': 200}",0.8436967985906053,0.004413838098698963
536,"{'bootstrap': False, 'max_depth': 80, 'min_samples_leaf': 4, 'min_samples_split': 10, 'n_estimators': 400}",0.84555078363354,0.004611598120929699
537,"{'bootstrap': False, 'max_depth': 80, 'min_samples_leaf': 4, 'min_samples_split': 10, 'n_estimators': 600}",0.8458357446120047,0.0034979419535697918
538,"{'bootstrap': False, 'max_depth': 80, 'min_samples_leaf': 4, 'min_samples_split': 10, 'n_estimators': 800}",0.8456932336195632,0.005457226312999303
539,"{'bootstrap': False, 'max_depth': 80, 'min_samples_leaf': 4, 'min_samples_split': 10, 'n_estimators': 1000}",0.8456931726131452,0.0052538713691457845
540,"{'bootstrap': False, 'max_depth': 100, 'min_samples_leaf': 1, 'min_samples_split': 2, 'n_estimators': 100}",0.8462638266470909,0.006438563812444195
541,"{'bootstrap': False, 'max_depth': 100, 'min_samples_leaf': 1, 'min_samples_split': 2, 'n_estimators': 200}",0.8449802516124301,0.0068976074376820955
542,"{'bootstrap': False, 'max_depth': 100, 'min_samples_leaf': 1, 'min_samples_split': 2, 'n_estimators': 400}",0.8471191976338295,0.006115533806300707
543,"{'bootstrap': False, 'max_depth': 100, 'min_samples_leaf': 1, 'min_samples_split': 2, 'n_estimators': 600}",0.8466912986179972,0.005955279312332804
544,"{'bootstrap': False, 'max_depth': 100, 'min_samples_leaf': 1, 'min_samples_split': 2, 'n_estimators': 800}",0.8465488486319739,0.004209040767320767
545,"{'bootstrap': False, 'max_depth': 100, 'min_samples_leaf': 1, 'min_samples_split': 2, 'n_estimators': 1000}",0.84697693066706,0.005140885820848379
546,"{'bootstrap': False, 'max_depth': 100, 'min_samples_leaf': 1, 'min_samples_split': 5, 'n_estimators': 100}",0.843554287598164,0.006397856577371445
547,"{'bootstrap': False, 'max_depth': 100, 'min_samples_leaf': 1, 'min_samples_split': 5, 'n_estimators': 200}",0.8469769916734781,0.0054052683453850075
548,"{'bootstrap': False, 'max_depth': 100, 'min_samples_leaf': 1, 'min_samples_split': 5, 'n_estimators': 400}",0.8471195026659194,0.005082445736367086
549,"{'bootstrap': False, 'max_depth': 100, 'min_samples_leaf': 1, 'min_samples_split': 5, 'n_estimators': 600}",0.8461208886097236,0.005594890047230893
550,"{'bootstrap': False, 'max_depth': 100, 'min_samples_leaf': 1, 'min_samples_split': 5, 'n_estimators': 800}",0.8465488486319739,0.00629982002211134
551,"{'bootstrap': False, 'max_depth': 100, 'min_samples_leaf': 1, 'min_samples_split': 5, 'n_estimators': 1000}",0.845978316610864,0.0059395086277715
552,"{'bootstrap': False, 'max_depth': 100, 'min_samples_leaf': 1, 'min_samples_split': 10, 'n_estimators': 100}",0.8461211936418135,0.005225121380455066
553,"{'bootstrap': False, 'max_depth': 100, 'min_samples_leaf': 1, 'min_samples_split': 10, 'n_estimators': 200}",0.8446944975505314,0.006645290792816431
554,"{'bootstrap': False, 'max_depth': 100, 'min_samples_leaf': 1, 'min_samples_split': 10, 'n_estimators': 400}",0.846976869660642,0.0059051137086653625
555,"{'bootstrap': False, 'max_depth': 100, 'min_samples_leaf': 1, 'min_samples_split': 10, 'n_estimators': 600}",0.8458358666248408,0.006683332793732302
556,"{'bootstrap': False, 'max_depth': 100, 'min_samples_leaf': 1, 'min_samples_split': 10, 'n_estimators': 800}",0.8466916036500871,0.006897661373482474
557,"{'bootstrap': False, 'max_depth': 100, 'min_samples_leaf': 1, 'min_samples_split': 10, 'n_estimators': 1000}",0.8455503565886139,0.00458624391945561
558,"{'bootstrap': False, 'max_depth': 100, 'min_samples_leaf': 2, 'min_samples_split': 2, 'n_estimators': 100}",0.8452650905780589,0.004275432258095839
559,"{'bootstrap': False, 'max_depth': 100, 'min_samples_leaf': 2, 'min_samples_split': 2, 'n_estimators': 200}",0.8468341756489467,0.004797366053966297
560,"{'bootstrap': False, 'max_depth': 100, 'min_samples_leaf': 2, 'min_samples_split': 2, 'n_estimators': 400}",0.8459786826493721,0.006873687750573203
561,"{'bootstrap': False, 'max_depth': 100, 'min_samples_leaf': 2, 'min_samples_split': 2, 'n_estimators': 600}",0.8468342366553646,0.007086337217611464
562,"{'bootstrap': False, 'max_depth': 100, 'min_samples_leaf': 2, 'min_samples_split': 2, 'n_estimators': 800}",0.8475472796689157,0.00620848541913751
563,"{'bootstrap': False, 'max_depth': 100, 'min_samples_leaf': 2, 'min_samples_split': 2, 'n_estimators': 1000}",0.8476899126741931,0.00605535812921572
564,"{'bootstrap': False, 'max_depth': 100, 'min_samples_leaf': 2, 'min_samples_split': 5, 'n_estimators': 100}",0.844267086586043,0.005967057330445183
565,"{'bootstrap': False, 'max_depth': 100, 'min_samples_leaf': 2, 'min_samples_split': 5, 'n_estimators': 200}",0.8439815765498162,0.0056525250840719745
566,"{'bootstrap': False, 'max_depth': 100, 'min_samples_leaf': 2, 'min_samples_split': 5, 'n_estimators': 400}",0.8456933556323992,0.007275667124884957
567,"{'bootstrap': False, 'max_depth': 100, 'min_samples_leaf': 2, 'min_samples_split': 5, 'n_estimators': 600}",0.8472618916455249,0.005073262031835717
568,"{'bootstrap': False, 'max_depth': 100, 'min_samples_leaf': 2, 'min_samples_split': 5, 'n_estimators': 800}",0.8481175066579354,0.0055901332397464655
569,"{'bootstrap': False, 'max_depth': 100, 'min_samples_leaf': 2, 'min_samples_split': 5, 'n_estimators': 1000}",0.845265639635821,0.006064953243707322
570,"{'bootstrap': False, 'max_depth': 100, 'min_samples_leaf': 2, 'min_samples_split': 10, 'n_estimators': 100}",0.8455507226271218,0.0050313314015302014
571,"{'bootstrap': False, 'max_depth': 100, 'min_samples_leaf': 2, 'min_samples_split': 10, 'n_estimators': 200}",0.8465494586961538,0.0074569767701606685
572,"{'bootstrap': False, 'max_depth': 100, 'min_samples_leaf': 2, 'min_samples_split': 10, 'n_estimators': 400}",0.8468343586682007,0.006201573645683203
573,"{'bootstrap': False, 'max_depth': 100, 'min_samples_leaf': 2, 'min_samples_split': 10, 'n_estimators': 600}",0.8465486656127198,0.006137486080833284
574,"{'bootstrap': False, 'max_depth': 100, 'min_samples_leaf': 2, 'min_samples_split': 10, 'n_estimators': 800}",0.8459786216429541,0.004611625834082581
575,"{'bootstrap': False, 'max_depth': 100, 'min_samples_leaf': 2, 'min_samples_split': 10, 'n_estimators': 1000}",0.8454079676090084,0.005088012598813451
576,"{'bootstrap': False, 'max_depth': 100, 'min_samples_leaf': 4, 'min_samples_split': 2, 'n_estimators': 100}",0.8425554295162959,0.002138823831942434
577,"{'bootstrap': False, 'max_depth': 100, 'min_samples_leaf': 4, 'min_samples_split': 2, 'n_estimators': 200}",0.8456933556323992,0.005225100250435549
578,"{'bootstrap': False, 'max_depth': 100, 'min_samples_leaf': 4, 'min_samples_split': 2, 'n_estimators': 400}",0.8436963715456792,0.005119356406268496
579,"{'bootstrap': False, 'max_depth': 100, 'min_samples_leaf': 4, 'min_samples_split': 2, 'n_estimators': 600}",0.8449801295995941,0.005435967435229369
580,"{'bootstrap': False, 'max_depth': 100, 'min_samples_leaf': 4, 'min_samples_split': 2, 'n_estimators': 800}",0.846263582621419,0.005243449055316473
581,"{'bootstrap': False, 'max_depth': 100, 'min_samples_leaf': 4, 'min_samples_split': 2, 'n_estimators': 1000}",0.8454080286154264,0.004263647337385235
582,"{'bootstrap': False, 'max_depth': 100, 'min_samples_leaf': 4, 'min_samples_split': 5, 'n_estimators': 100}",0.8446948025826213,0.00489139342968377
583,"{'bootstrap': False, 'max_depth': 100, 'min_samples_leaf': 4, 'min_samples_split': 5, 'n_estimators': 200}",0.8434112275479605,0.004379984030589684
584,"{'bootstrap': False, 'max_depth': 100, 'min_samples_leaf': 4, 'min_samples_split': 5, 'n_estimators': 400}",0.8456930506003092,0.005245838197892769
585,"{'bootstrap': False, 'max_depth': 100, 'min_samples_leaf': 4, 'min_samples_split': 5, 'n_estimators': 600}",0.8446949856018753,0.006868976919349311
586,"{'bootstrap': False, 'max_depth': 100, 'min_samples_leaf': 4, 'min_samples_split': 5, 'n_estimators': 800}",0.8458359886376766,0.005419448890704362
587,"{'bootstrap': False, 'max_depth': 100, 'min_samples_leaf': 4, 'min_samples_split': 5, 'n_estimators': 1000}",0.847262135671197,0.006631135508928653
588,"{'bootstrap': False, 'max_depth': 100, 'min_samples_leaf': 4, 'min_samples_split': 10, 'n_estimators': 100}",0.8459781945980281,0.005626116108193537
589,"{'bootstrap': False, 'max_depth': 100, 'min_samples_leaf': 4, 'min_samples_split': 10, 'n_estimators': 200}",0.8451226405920357,0.002795199156652085
590,"{'bootstrap': False, 'max_depth': 100, 'min_samples_leaf': 4, 'min_samples_split': 10, 'n_estimators': 400}",0.843554043572492,0.003729917057901997
591,"{'bootstrap': False, 'max_depth': 100, 'min_samples_leaf': 4, 'min_samples_split': 10, 'n_estimators': 600}",0.845978194598028,0.0032080834712772113
592,"{'bootstrap': False, 'max_depth': 100, 'min_samples_leaf': 4, 'min_samples_split': 10, 'n_estimators': 800}",0.8445522915901797,0.005784093862765733
593,"{'bootstrap': False, 'max_depth': 100, 'min_samples_leaf': 4, 'min_samples_split': 10, 'n_estimators': 1000}",0.8448373745814807,0.004896836984153426
594,"{'bootstrap': False, 'max_depth': None, 'min_samples_leaf': 1, 'min_samples_split': 2, 'n_estimators': 100}",0.8444096585849024,0.005602409139060497
595,"{'bootstrap': False, 'max_depth': None, 'min_samples_leaf': 1, 'min_samples_split': 2, 'n_estimators': 200}",0.8468342366553646,0.005713038478575506
596,"{'bootstrap': False, 'max_depth': None, 'min_samples_leaf': 1, 'min_samples_split': 2, 'n_estimators': 400}",0.8474045246508024,0.007346391708247751
597,"{'bootstrap': False, 'max_depth': None, 'min_samples_leaf': 1, 'min_samples_split': 2, 'n_estimators': 600}",0.8461208276033055,0.006137493603243829
598,"{'bootstrap': False, 'max_depth': None, 'min_samples_leaf': 1, 'min_samples_split': 2, 'n_estimators': 800}",0.8468338706168567,0.00458620802703712
599,"{'bootstrap': False, 'max_depth': None, 'min_samples_leaf': 1, 'min_samples_split': 2, 'n_estimators': 1000}",0.8456931116067272,0.005066461820900605
600,"{'bootstrap': False, 'max_depth': None, 'min_samples_leaf': 1, 'min_samples_split': 5, 'n_estimators': 100}",0.845265578629403,0.0038352797324993303
601,"{'bootstrap': False, 'max_depth': None, 'min_samples_leaf': 1, 'min_samples_split': 5, 'n_estimators': 200}",0.8466916646565051,0.005419492847742668
602,"{'bootstrap': False, 'max_depth': None, 'min_samples_leaf': 1, 'min_samples_split': 5, 'n_estimators': 400}",0.846263521615001,0.005067697195501536
603,"{'bootstrap': False, 'max_depth': None, 'min_samples_leaf': 1, 'min_samples_split': 5, 'n_estimators': 600}",0.8459784386237001,0.005272002114174346
604,"{'bootstrap': False, 'max_depth': None, 'min_samples_leaf': 1, 'min_samples_split': 5, 'n_estimators': 800}",0.8475469746368258,0.005606875723011579
605,"{'bootstrap': False, 'max_depth': None, 'min_samples_leaf': 1, 'min_samples_split': 5, 'n_estimators': 1000}",0.846976564628552,0.005245826719308916
606,"{'bootstrap': False, 'max_depth': None, 'min_samples_leaf': 1, 'min_samples_split': 10, 'n_estimators': 100}",0.8461214986739035,0.0047503675524037114
607,"{'bootstrap': False, 'max_depth': None, 'min_samples_leaf': 1, 'min_samples_split': 10, 'n_estimators': 200}",0.8484025286428182,0.005000395919220625
608,"{'bootstrap': False, 'max_depth': None, 'min_samples_leaf': 1, 'min_samples_split': 10, 'n_estimators': 400}",0.8456932946259812,0.006364269200566025
609,"{'bootstrap': False, 'max_depth': None, 'min_samples_leaf': 1, 'min_samples_split': 10, 'n_estimators': 600}",0.84797511767833,0.00483832736394166
610,"{'bootstrap': False, 'max_depth': None, 'min_samples_leaf': 1, 'min_samples_split': 10, 'n_estimators': 800}",0.8468339926296927,0.006638255441184958
611,"{'bootstrap': False, 'max_depth': None, 'min_samples_leaf': 1, 'min_samples_split': 10, 'n_estimators': 1000}",0.8466911155987432,0.006259594593120152
612,"{'bootstrap': False, 'max_depth': None, 'min_samples_leaf': 2, 'min_samples_split': 2, 'n_estimators': 100}",0.8451223965663637,0.005385641395105353
613,"{'bootstrap': False, 'max_depth': None, 'min_samples_leaf': 2, 'min_samples_split': 2, 'n_estimators': 200}",0.8434115935864686,0.006290891526978856
614,"{'bootstrap': False, 'max_depth': None, 'min_samples_leaf': 2, 'min_samples_split': 2, 'n_estimators': 400}",0.8451223355599455,0.006985563332288809
615,"{'bootstrap': False, 'max_depth': None, 'min_samples_leaf': 2, 'min_samples_split': 2, 'n_estimators': 600}",0.8481174456515174,0.005076922234500702
616,"{'bootstrap': False, 'max_depth': None, 'min_samples_leaf': 2, 'min_samples_split': 2, 'n_estimators': 800}",0.8466912986179972,0.005606889083742785
617,"{'bootstrap': False, 'max_depth': None, 'min_samples_leaf': 2, 'min_samples_split': 2, 'n_estimators': 1000}",0.844980190606012,0.004952366824879381
618,"{'bootstrap': False, 'max_depth': None, 'min_samples_leaf': 2, 'min_samples_split': 5, 'n_estimators': 100}",0.8434113495607964,0.0040269706737659965
619,"{'bootstrap': False, 'max_depth': None, 'min_samples_leaf': 2, 'min_samples_split': 5, 'n_estimators': 200}",0.8471191976338295,0.005766241600933395
620,"{'bootstrap': False, 'max_depth': None, 'min_samples_leaf': 2, 'min_samples_split': 5, 'n_estimators': 400}",0.8461213156546495,0.006732671193446337
621,"{'bootstrap': False, 'max_depth': None, 'min_samples_leaf': 2, 'min_samples_split': 5, 'n_estimators': 600}",0.8468342366553646,0.005713038478575506
622,"{'bootstrap': False, 'max_depth': None, 'min_samples_leaf': 2, 'min_samples_split': 5, 'n_estimators': 800}",0.8456934776452352,0.005733925495686995
623,"{'bootstrap': False, 'max_depth': None, 'min_samples_leaf': 2, 'min_samples_split': 5, 'n_estimators': 1000}",0.844980190606012,0.006336423514058843
624,"{'bootstrap': False, 'max_depth': None, 'min_samples_leaf': 2, 'min_samples_split': 10, 'n_estimators': 100}",0.8471195026659194,0.005419514828188348
625,"{'bootstrap': False, 'max_depth': None, 'min_samples_leaf': 2, 'min_samples_split': 10, 'n_estimators': 200}",0.8474048296828922,0.004438037585378137
626,"{'bootstrap': False, 'max_depth': None, 'min_samples_leaf': 2, 'min_samples_split': 10, 'n_estimators': 400}",0.8452652735973128,0.005415807854446914
627,"{'bootstrap': False, 'max_depth': None, 'min_samples_leaf': 2, 'min_samples_split': 10, 'n_estimators': 600}",0.8464063376395323,0.0051412441173902725
628,"{'bootstrap': False, 'max_depth': None, 'min_samples_leaf': 2, 'min_samples_split': 10, 'n_estimators': 800}",0.8455504786014498,0.004192652687380102
629,"{'bootstrap': False, 'max_depth': None, 'min_samples_leaf': 2, 'min_samples_split': 10, 'n_estimators': 1000}",0.8469769306670601,0.006824180498457221
630,"{'bootstrap': False, 'max_depth': None, 'min_samples_leaf': 4, 'min_samples_split': 2, 'n_estimators': 100}",0.8445521085709258,0.0042150082988626145
631,"{'bootstrap': False, 'max_depth': None, 'min_samples_leaf': 4, 'min_samples_split': 2, 'n_estimators': 200}",0.8458358056184226,0.006132389270129602
632,"{'bootstrap': False, 'max_depth': None, 'min_samples_leaf': 4, 'min_samples_split': 2, 'n_estimators': 400}",0.8442671475924609,0.00514117059324161
633,"{'bootstrap': False, 'max_depth': None, 'min_samples_leaf': 4, 'min_samples_split': 2, 'n_estimators': 600}",0.8451229456241255,0.006290972771698841
634,"{'bootstrap': False, 'max_depth': None, 'min_samples_leaf': 4, 'min_samples_split': 2, 'n_estimators': 800}",0.8441245145871837,0.0042636002706577325
635,"{'bootstrap': False, 'max_depth': None, 'min_samples_leaf': 4, 'min_samples_split': 2, 'n_estimators': 1000}",0.8454079676090084,0.005088012598813451
636,"{'bootstrap': False, 'max_depth': None, 'min_samples_leaf': 4, 'min_samples_split': 5, 'n_estimators': 100}",0.8441242095550937,0.0030598540101439984
637,"{'bootstrap': False, 'max_depth': None, 'min_samples_leaf': 4, 'min_samples_split': 5, 'n_estimators': 200}",0.8438393705894648,0.005031250558218577
638,"{'bootstrap': False, 'max_depth': None, 'min_samples_leaf': 4, 'min_samples_split': 5, 'n_estimators': 400}",0.8458356225991687,0.00456264135688178
639,"{'bootstrap': False, 'max_depth': None, 'min_samples_leaf': 4, 'min_samples_split': 5, 'n_estimators': 600}",0.8452652125908949,0.0038502069910653428
640,"{'bootstrap': False, 'max_depth': None, 'min_samples_leaf': 4, 'min_samples_split': 5, 'n_estimators': 800}",0.8454082116346804,0.004356060179251763
641,"{'bootstrap': False, 'max_depth': None, 'min_samples_leaf': 4, 'min_samples_split': 5, 'n_estimators': 1000}",0.8448374965943167,0.004905420434304336
642,"{'bootstrap': False, 'max_depth': None, 'min_samples_leaf': 4, 'min_samples_split': 10, 'n_estimators': 100}",0.8441245145871837,0.005989801233525258
643,"{'bootstrap': False, 'max_depth': None, 'min_samples_leaf': 4, 'min_samples_split': 10, 'n_estimators': 200}",0.8454080286154264,0.005297731332948457
644,"{'bootstrap': False, 'max_depth': None, 'min_samples_leaf': 4, 'min_samples_split': 10, 'n_estimators': 400}",0.8455505396078679,0.006469187445612133
645,"{'bootstrap': False, 'max_depth': None, 'min_samples_leaf': 4, 'min_samples_split': 10, 'n_estimators': 600}",0.8446950466082933,0.0043550552863713165
646,"{'bootstrap': False, 'max_depth': None, 'min_samples_leaf': 4, 'min_samples_split': 10, 'n_estimators': 800}",0.8444099636169925,0.0050790898253389935
647,"{'bootstrap': False, 'max_depth': None, 'min_samples_leaf': 4, 'min_samples_split': 10, 'n_estimators': 1000}",0.8446948025826213,0.005240764829086582
